ID,Producto,Segmento,Categoría,Subcategoría,Tipo de cliente,Destino / uso,Tipo de crédito,Monto mínimo MXN,Monto máximo MXN,Financiamiento máx. %,Enganche mín. %,Plazo mín. meses,Plazo máx. meses,Tipo de tasa,Tasa desde % anual,CAT promedio %,Comisión principal,Moneda,¿Requiere ser cliente Banorte?,¿Requiere Nómina Banorte?,Ingreso mínimo mensual MXN,Edad mínima,Edad máxima,Antigüedad negocio mín. años,Historial crediticio,Garantía / aval,Documentos / requisitos principales,Beneficios clave,Pago anticipado,Seguros,Canales de contratación,Perfil objetivo,Variables útiles para recomendación,Estado del dato,Vigencia de tasas/CAT,Fuente oficial
PF001,Crédito Personal Banorte,Persona Física,Consumo,Préstamo personal,Persona Física,"Necesidades personales, proyectos, emergencias o consolidación de gastos",Crédito simple / préstamo personal,,500000.0,,,,36.0,Fija,22.0,28.8,0% comisión por apertura,MXN,Sí,,,,,,Sujeto a análisis de crédito,No requiere aval ni garantía,Identificación oficial vigente; comprobante de domicilio,"Hasta $500,000; cargo mensual a cuenta; seguro de vida gratuito; sin penalización por prepago","Sí, total o parcial, sin penalización",Seguro de vida gratuito durante el plazo,Sucursal / oferta Banorte,Cliente Banorte con necesidad de liquidez y capacidad de pago comprobable,ingreso_mensual; score_crediticio; nivel_endeudamiento; pagos_atrasados; antiguedad_cliente; capacidad_pago,Vigente / página oficial activa,CAT/tasa: vigente al 30-oct-2026,https://www.banorte.com/Personal/Credito-Personal-Banorte.html
PF002,Crédito Personal Banorte Preferente,Persona Física Preferente,Consumo,Préstamo personal preferente,Persona Física / Cliente Preferente,Proyectos personales o de inversión,Crédito simple / préstamo personal,,1000000.0,,,12.0,36.0,Fija,22.0,28.8,0% comisión por apertura,MXN,Sí; solo por invitación,,,24.0,69.0,,Sujeto a aprobación y perfil,No requiere aval ni garantía,Identificación oficial; comprobante de domicilio <= 90 días,"Hasta $1,000,000; tasa fija; seguro de vida; sin penalización por prepago","Sí, sin penalización",Seguro de vida gratuito,Sucursal / invitación,Cliente Preferente con alta capacidad de pago y relación sólida con Banorte,ingreso_mensual; activos; score_crediticio; antiguedad_cliente; saldo_promedio; capacidad_pago,Vigente / página oficial activa,CAT/tasa: vigente al 30-oct-2026,https://www.banorte.com/Preferente/Creditos-Preferente/Credito-Personal.html
PF003,Crédito de Nómina Banorte,Persona Física,Consumo,Crédito de nómina,Persona Física asalariada,"Gastos personales, educación, vacaciones, deudas, emergencias",Crédito simple con cargo a nómina,,1500000.0,,,,60.0,Fija,,38.3,,MXN,Sí,Sí,2000.0,18.0,74.92,,Buen historial facilita contratación; sujeto a aprobación,No requiere aval o garantía,Identificación oficial; comprobante domicilio <=3 meses; estado de cuenta; si aplica comprobación de nómina,Hasta $1.5 millones; pagos fijos automáticos vía nómina; plazo hasta 60 meses; posible renovación,"Sí, según contrato",Seguro de vida y desempleo asociado al crédito,Banorte Móvil; sucursal; banca por internet según oferta,Cliente que recibe nómina en Banorte y necesita financiamiento de mediano plazo,recibe_nomina; ingreso_mensual; score_crediticio; estabilidad_laboral; pagos_atrasados; capacidad_pago,Producto vigente; CAT mostrado en página oficial,,https://acceso24.banorte.com/wps/portal/banorte/Home/creditos/credito-de-nomina/nomina
PF004,Adelanto de Nómina,Persona Física,Consumo,Adelanto de sueldo,Persona Física asalariada,Liquidez de muy corto plazo antes del siguiente pago de nómina,Adelanto de nómina / corto plazo,,10000.0,,,,2.0,0% interés; comisión por disposición,0.0,124.0,7% del monto dispuesto + IVA,MXN,Sí,Sí,2000.0,18.0,79.92,,Aplica a clientes con buen historial; sujeto a aprobación,No publicada / no se exige garantía real,Contratación digital; cuenta de nómina Banorte activa,"Hasta $10,000; contratación inmediata; pago hasta 2 meses; renovable al liquidar",Sí,No destacado,Banorte Móvil; Banco en Línea; cajeros en renovaciones,Nominahabiente con necesidad temporal y puntual de liquidez,recibe_nomina; ingreso_mensual; liquidez_corto_plazo; score_crediticio; historial_pagos,Vigente / página oficial activa,CAT vigente al 31-dic-2026,https://www.banorte.com/Personal/Nomina/Nomina-Personas-Fisicas/Adelanto-de-Nomina.html
PF005,Respaldo Banorte,Persona Física,Consumo,Línea de sobregiro,Persona Física con cuenta elegible,Cubrir faltantes de saldo para gastos del mes,Línea de crédito revolvente / sobregiro,,2000.0,,,,1.0,Comisión por uso,,213.86,10% sobre monto usado; cheques: $400 por evento,MXN,Sí; requiere invitación,,,,,,Sujeto a aprobación,No,Activación desde Banorte Móvil,"Hasta $2,000; sólo genera cargos si se usa; pago automático al recibir depósitos; hasta 30 días","Sí, sin penalización",,Banorte Móvil,Cliente de cuenta de débito con necesidad ocasional de sobregiro,saldo_promedio; frecuencia_depositos; historial_pagos; ingresos; liquidez_corto_plazo,Vigente / página oficial activa,CAT vigente al 31-dic-2026,https://gfb20194k4k0n4-www.banorte.com/Nomina/Nomina-Personas-Fisicas/Promociones/Respaldo-Banorte.html
AU001,Autoestrene Banorte,Persona Física,Automotriz,Auto nuevo,Persona Física / PFAE sujeto a evaluación,Compra de auto nuevo,Crédito automotriz simple,,,90.0,10.0,,72.0,Fija,14.99,22.0,2.5% + IVA del monto a financiar,MXN,,,,,,,Sujeto a evaluación,Garantía sobre el vehículo; obligado solidario cuando aplique,Solicitud; identificación; comprobante domicilio; comprobante de ingresos; autorización Buró,Financiamiento alto; plazos hasta 72 meses; tasa fija; prepagos sin penalización,"Sí, sin penalización",Seguro auto de cobertura amplia; puede financiarse con Seguros Banorte,Sucursal / agencia,Cliente que busca vehículo nuevo y puede cubrir enganche,ingreso_mensual; score_crediticio; capacidad_pago; gasto_transporte; enganche_disponible,Vigente / página oficial activa,CAT general mostrado vigente al 30-nov-2026; promociones pueden modificar comisión/tasa,https://www.banorte.com/Creditos-de-Auto/
AU002,Autoestrene Banorte Seminuevos,Persona Física,Automotriz,Auto seminuevo,Persona Física / PFAE sujeto a evaluación,Compra de auto seminuevo,Crédito automotriz simple,,,85.0,15.0,,60.0,Fija,14.99,29.3,2.5% + IVA del monto a financiar,MXN,,,,,,,Sujeto a evaluación,Garantía sobre vehículo,Solicitud; identificación; domicilio; ingresos,Hasta 85% del valor de factura; prepagos sin penalización; posibilidad de financiar seguros,Sí,Cobertura amplia; opción Seguros Banorte,Sucursal,Cliente que busca seminuevo y desea reducir costo vs auto nuevo,ingreso_mensual; score_crediticio; enganche_disponible; edad_vehiculo; capacidad_pago,Vigente / página oficial activa,CAT vigente al 30-nov-2026,https://gfb20194k4k0n4-www.banorte.com/Creditos-de-Auto/Autoestrene-Banorte-Seminuevos.html
AU003,Autoestrene Nómina,Persona Física,Automotriz,Auto nuevo con nómina,Persona Física asalariada con Nómina Banorte,Compra de auto nuevo,Crédito automotriz con cargo a nómina,,,90.0,10.0,,72.0,Fija,13.99,25.6,2.5% + IVA del monto a financiar,MXN,Sí,Sí,,,,,Sujeto a evaluación,Garantía sobre vehículo,Solicitud; identificación; domicilio; recibos de nómina; carta laboral cuando aplique,Cargo automático a nómina; hasta 90% financiamiento; tasa preferente vs tradicional; hasta 72 meses,Sí,Auto y vida financiables con Seguros Banorte,Sucursal,Nominahabiente Banorte que busca auto nuevo,recibe_nomina; ingreso_mensual; score_crediticio; estabilidad_laboral; enganche_disponible,Vigente / página oficial activa,Tasa/CAT referenciados por promociones oficiales vigentes al 30-nov-2026,https://www.banorte.com/Creditos-de-Auto/
AU004,Autoestrene Nómina Seminuevos,Persona Física,Automotriz,Auto seminuevo con nómina,Persona Física asalariada con Nómina Banorte,Compra de auto seminuevo,Crédito automotriz con cargo a nómina,,,85.0,15.0,,60.0,Fija,13.99,30.4,2.5% + IVA del monto a financiar,MXN,Sí,Sí,,,,,Sujeto a evaluación,Garantía sobre vehículo,Solicitud; identificación; comprobante domicilio; recibos de nómina,Hasta 85% financiamiento; pagos automáticos; plazos según antigüedad del vehículo; prepago sin penalización,Sí,Auto y vida financiables; seguro desempleo puede aplicar,Sucursal,Nominahabiente que busca seminuevo con pago automático,recibe_nomina; ingreso_mensual; score_crediticio; estabilidad_laboral; edad_vehiculo,Vigente / página oficial activa,CAT vigente al 30-nov-2026,https://www.banorte.com/Nomina/Nomina-Personas-Fisicas/Creditos-de-auto-Nomina/Autoestrene-Nomina-Seminuevos.html
AU005,Autoestrene Verde Banorte,Persona Física,Automotriz,Auto híbrido o eléctrico,Persona Física / PFAE sujeto a evaluación,Compra de auto híbrido o eléctrico,Crédito automotriz simple,,,90.0,10.0,,72.0,Fija,10.49,22.0,2.5% + IVA del monto a financiar (página vigente),MXN,,,,,,,Sujeto a evaluación,Garantía sobre vehículo,Solicitud; identificación; domicilio; comprobantes de ingresos,Tasa preferencial verde; hasta 90% financiamiento; tarifas de seguro para híbridos/eléctricos; prepago sin penalización,Sí,Seguro auto/vida financiable; RC EUA; seguro desempleo para asalariados según condiciones,Sucursal,Cliente con interés en movilidad eléctrica/híbrida,ingreso_mensual; score_crediticio; preferencia_sustentable; gasto_combustible; enganche_disponible,Vigente / página oficial activa,CAT vigente al 30-nov-2026,https://gfb20194k4k0n4-www.banorte.com/Creditos-de-Auto/Autoestrene-Verde-Banorte.html
AU006,Crédito de Auto Preferente,Persona Física Preferente,Automotriz,Auto preferente,Cliente Preferente,Compra de vehículo,Crédito automotriz,,,,,,,Fija,,,,MXN,Sí / Preferente,,,,,,Sujeto a evaluación,Vehículo financiado,Solicitud de crédito automotriz; identificación; domicilio; comprobación de ingresos,Condiciones y tasa preferentes para clientes de Banca Preferente; prepago sin penalización,Sí,Cobertura amplia requerida,Ejecutivo Preferente / sucursal,Cliente Preferente que busca financiamiento automotriz,segmento_preferente; ingreso; activos; score_crediticio; relacion_banorte,Producto vigente; tasa/CAT no publicados claramente en la página general,,https://www.banorte.com/Creditos-de-Auto/
HI001,Hipoteca Fuerte,Persona Física,Hipotecario,Adquisición de vivienda,Persona Física / PFAE según evaluación,Comprar vivienda nueva o usada,Crédito hipotecario tasa fija,,,95.0,,60.0,240.0,Fija,8.8,12.4,1% contratación en condiciones estándar; promociones pueden reducirla,MXN,,,,,,,Tasa y aprobación dependen del perfil crediticio,Hipoteca sobre inmueble,Solicitud; identificación oficial vigente; comprobante de domicilio <=3 meses; comprobante de ingresos,Hasta 95% con Cofinavit; pagos anticipados sin penalización; vivienda nueva o usada,"Sí, sin penalización",Seguros asociados al crédito según esquema,Sucursal / asesor hipotecario,Cliente con ingreso estable que busca vivienda,ingreso; score_crediticio; enganche; valor_vivienda; relacion_deuda_ingreso; afiliacion_infonavit,Vigente / página oficial activa,Tasa/CAT vigentes al 04-oct-2026,https://gfb20194k4k0n4-www.banorte.com/Creditos-Hipotecarios/Adquisicion-de-Vivienda/Hipoteca-Fuerte.html
HI002,Hipoteca Fuerte Cero,Persona Física,Hipotecario,Adquisición de vivienda sin comisiones principales,Persona Física,Compra de vivienda nueva o usada,Crédito hipotecario tasa fija,,,90.0,,60.0,240.0,Fija,10.8,11.9,0% contratación; sin avalúo/preoriginación; sin administración diferida,MXN,,,,,,,Sujeto a aprobación,Hipoteca sobre inmueble,Solicitud; identificación oficial vigente; comprobante de domicilio <=3 meses; comprobante de ingresos,Sin comisiones principales ni costo de seguros asociados; Cofinavit hasta 95% según esquema,Sí,Sin costo de seguros asociados en cobertura indicada,Sucursal / asesor hipotecario,Cliente que prioriza reducir costos de originación,ingreso; score_crediticio; enganche; valor_vivienda; sensibilidad_comisiones,Vigente / página oficial activa,Tasa/CAT vigentes al 04-oct-2026,https://gfb20194k4k0n4-www.banorte.com/Creditos-Hipotecarios/Adquisicion-de-Vivienda/Hipoteca-Fuerte-Cero.html
HI003,Hipoteca Fuerte a tu Medida,Persona Física,Hipotecario,Adquisición con pagos crecientes,Persona Física,Adquisición de vivienda con esquema de pagos crecientes,Crédito hipotecario pagos crecientes,,,,,60.0,240.0,Fija,10.5,12.7,,MXN,,,,,,,Sujeto a aprobación,Hipoteca sobre inmueble,Solicitud; identificación oficial vigente; comprobante de domicilio <=3 meses; comprobante de ingresos,Esquema de pagos crecientes; posibilidad de Cofinavit/Apoyo Infonavit según condiciones,Consultar contrato,Seguros hipotecarios según esquema,Sucursal,Cliente que espera crecimiento futuro de ingresos y prefiere menor carga inicial,ingreso_actual; crecimiento_ingreso_esperado; score_crediticio; enganche; edad,Vigente / página oficial activa,Tasa/CAT publicados vigentes al 04-oct-2026,https://gfb20194k4k0n4-www.banorte.com/Creditos-Hipotecarios/Adquisicion-de-Vivienda/Hipoteca-Fuerte-a-tu-Medida.html
HI004,Hipoteca Fuerte con Bonificación,Persona Física,Hipotecario,Adquisición / mejora con bonificación,Persona Física,Adquisición de vivienda o mejora de hipoteca,Crédito hipotecario tasa fija con bonificación,75000.0,,,,60.0,240.0,Fija,10.68,14.0,Referencia: 1% adquisición / 0% mejora de hipoteca,MXN,,,,,,,Sujeto a aprobación,Hipoteca sobre inmueble,Solicitud; identificación oficial vigente; comprobante de domicilio <=3 meses; comprobante de ingresos,"Bonificación de una mensualidad como pago anticipado por cada 36 pagos puntuales, según condiciones",Sí,Seguros hipotecarios aplicables,Sucursal / asesor hipotecario,Cliente muy puntual que puede capturar beneficio por comportamiento de pago,historial_pagos; score_crediticio; estabilidad_ingreso; enganche; puntualidad,Producto listado actualmente; último folleto de costos localizado venció el 04-may-2026: verificar valores antes de decisión,Referencia vencida al 04-may-2026,https://www.banorte.com/wps/wcm/connect/banorte/081175d9-9a53-4e61-af4a-6652e7d5ce1f/LDT-Banorte-MXM.pdf?MOD=AJPERES
HI005,Hipoteca Verde Banorte,Persona Física,Hipotecario,Adquisición vivienda sustentable,Persona Física,Adquirir vivienda nueva o usada con certificación sustentable,Crédito hipotecario verde,,,90.0,,60.0,240.0,Fija,11.08,11.8,0% contratación y sin gastos de preoriginación principales,MXN,,,10000.0,,,,Sujeto a aprobación,Hipoteca sobre inmueble,Solicitud; identificación oficial vigente; comprobante de domicilio <=3 meses; comprobante de ingresos; vivienda con certificación EDGE o LEED aceptada,Sin costo de seguros asociados; sin avalúo/preoriginación; Cofinavit hasta 95%; enfoque sustentable,"Sí, sin penalización",Cobertura mínima pagada por banco según condiciones,Sucursal / asesor hipotecario,Cliente que busca vivienda sustentable certificada,ingreso; score_crediticio; certificacion_vivienda; enganche; preferencia_sustentable,Vigente / página oficial activa,Tasa/CAT vigentes al 04-oct-2026,https://www.banorte.com/Creditos-Hipotecarios/Adquisicion-de-Vivienda/Hipoteca-Verde-Banorte
HI006,Hipoteca Simple Banorte,Persona Física,Hipotecario,Adquisición vivienda para asalariados,Persona Física asalariada sin actividad empresarial,Compra de vivienda,Crédito hipotecario tasa fija,75000.0,3000000.0,70.0,30.0,60.0,240.0,Fija,9.2,11.4,1% contratación,MXN,,,,,,,Perfil estable y capacidad de pago comprobada,Hipoteca sobre inmueble,Solicitud; identificación oficial vigente; comprobante de domicilio <=3 meses; comprobante de ingresos,Tasa única; hasta $3 millones; esquema simple para asalariados; beneficios con Apoyo Infonavit,Consultar contrato / oferta vinculante,Seguros hipotecarios aplicables,Sucursal,Asalariado con ahorro suficiente para enganche alto,ingreso; empleo_asalariado; ahorro_enganche; score_crediticio; valor_vivienda,Vigente / página oficial activa,Tasa/CAT vigentes al 04-oct-2026,https://gfb20194k4k0n4-www.banorte.com/Creditos-Hipotecarios/Hipoteca-Simple-Banorte.html
HI007,Desarrollador Fuerte,Persona Física,Hipotecario,Adquisición con desarrolladores afiliados,Persona Física,Compra de vivienda con desarrolladores participantes,Crédito hipotecario,,,,,,240.0,Fija,9.0,11.3,,MXN,,,,,,,Sujeto a aprobación,Hipoteca sobre inmueble,Solicitud; identificación oficial vigente; comprobante de domicilio <=3 meses; comprobante de ingresos,Condiciones/promociones ligadas a Desarrolladores Fuertes; sin penalización por prepago,"Sí, sin penalización",Según esquema,Desarrollador / sucursal,Comprador de vivienda en proyecto de desarrollador participante,proyecto_desarrollador; ingreso; score_crediticio; enganche; valor_vivienda,Vigente / página oficial activa,Tasa/CAT vigentes al 04-oct-2026,https://www.banorte.com/Personal/Creditos-Hipotecarios/Desarrolladores-Fuertes.html
HI008,Preventa,Persona Física,Hipotecario,Compra en preventa / terminación de obra,Persona Física,Comprar vivienda durante construcción / terminación de obra,Crédito hipotecario,,,,,,240.0,Fija,8.8,12.4,1% contratación (condiciones estándar),MXN,,,,,,,Sujeto a aprobación,Hipoteca sobre inmueble,Solicitud; identificación oficial vigente; comprobante de domicilio <=3 meses; comprobante de ingresos,Permite planear compra desde etapa de construcción; pagos anticipados sin penalización,Sí,Según esquema,Sucursal / desarrollador,Cliente que compra vivienda en preventa,fecha_entrega; ingreso; score_crediticio; enganche; desarrollador,Vigente / página oficial activa,Tasa/CAT vigentes al 04-oct-2026,https://www.banorte.com/Personal/Creditos-Hipotecarios/Preventa.html
HI009,FOVISSSTE Para Todos,Persona Física,Hipotecario,Cofinanciamiento FOVISSSTE,Derechohabiente activo ISSSTE,Adquisición de vivienda nueva o usada,Hipotecario cofinanciado con FOVISSSTE,,,95.0,,60.0,300.0,Fija,9.5,11.2,Sin comisión por contratación y sin gastos de preoriginación indicados,MXN,,,,,,,Autorización para consulta de historial; sujeto a aprobación,Hipoteca sobre inmueble,Solicitud; identificación; domicilio; recibos nómina; CURP; constancia fiscal; expediente ISSSTE; estado Afore; autorización Buró,"Hasta 95% financiamiento; plazos 5,10,15,20,25 años; segundo crédito por ingresos adicionales","Sí, sin comisión; reduce plazo",Según esquema FOVISSSTE/Banorte,Sucursal,Trabajador activo afiliado al ISSSTE,afiliacion_issste; meses_cotizacion; ingreso_nomina; score_crediticio; saldo_subcuenta_vivienda,Vigente / página oficial activa,Tasa/CAT vigentes al 04-oct-2026,https://gfb20194k4k0n4-www.banorte.com/Creditos-Hipotecarios/FOVISSSTE-Para-Todos.html
HI010,Hipoteca Fuerte Compra de Terreno,Persona Física,Hipotecario,Compra de terreno,Persona Física,Compra de terreno urbanizado/habitacional,Crédito hipotecario,,,,,60.0,180.0,Fija,10.18,12.7,Según esquema hipotecario; consultar oferta,MXN,,,,,,,Sujeto a aprobación,Hipoteca sobre terreno,Solicitud; identificación oficial vigente; comprobante de domicilio <=3 meses; comprobante de ingresos,Plazos de 5 a 15 años; tasa fija; pagos anticipados sin penalización,Sí,Según esquema,Sucursal,Cliente que quiere adquirir terreno antes de construir,ingreso; score_crediticio; valor_terreno; enganche; uso_habitacional,Vigente / página oficial activa,Tasa/CAT vigentes al 04-oct-2026,https://www.banorte.com/Creditos-Hipotecarios/Construccion-y-Remodelacion/Hipoteca-Fuerte-Banorte-Compra-de-Terreno.html
HI011,Hipoteca Fuerte Construcción,Persona Física,Hipotecario,Construcción,Persona Física,Construcción de vivienda sobre terreno,Crédito hipotecario para construcción,,,,,,240.0,Fija,8.8,12.4,1% contratación,MXN,,,,,,,Sujeto a aprobación,Hipoteca / inmueble,Solicitud; identificación oficial vigente; comprobante de domicilio <=3 meses; comprobante de ingresos; documentación del terreno y proyecto de construcción,Financia construcción; tasa fija; opción Apoyo Infonavit según condiciones,Sí según contrato,Según esquema,Sucursal,Propietario de terreno que desea construir vivienda,propiedad_terreno; presupuesto_obra; ingreso; score_crediticio; avance_proyecto,Vigente / página oficial activa,Tasa/CAT vigentes al 04-oct-2026,https://www.banorte.com/Creditos-Hipotecarios/Construccion-y-Remodelacion/Hipoteca-Fuerte-Banorte-Construccion.html
HI012,Hipoteca Fuerte Terreno + Construcción,Persona Física,Hipotecario,Adquisición de terreno más construcción,Persona Física,Comprar terreno y financiar construcción,Crédito hipotecario combinado,,,,,,240.0,Fija,8.8,12.4,1% contratación,MXN,,,,,,,Sujeto a aprobación,Hipoteca,Solicitud; identificación oficial vigente; comprobante de domicilio <=3 meses; comprobante de ingresos; documentación del terreno/proyecto,Integra compra de terreno y construcción en un esquema hipotecario,Consultar oferta,Según esquema,Sucursal,Cliente que aún no tiene terreno y quiere construir,ingreso; score_crediticio; valor_terreno; presupuesto_obra; enganche,Vigente / página oficial activa,Tasa/CAT vigentes al 04-oct-2026,https://gfb20194k4k0n4-www.banorte.com/Creditos-Hipotecarios/Construccion-y-Remodelacion/Hipoteca-Fuerte-Banorte-Adquisicion-de-Terreno-mas-Construccion.html
HI013,Hipoteca Fuerte Remodelación,Persona Física,Hipotecario,Remodelación,Persona Física propietaria,Remodelar vivienda,Crédito hipotecario para remodelación,,,30.0,,60.0,240.0,Fija,8.8,12.4,1% contratación,MXN,,,,,,,Sujeto a aprobación,Hipoteca sobre vivienda,Solicitud; identificación oficial vigente; comprobante de domicilio <=3 meses; comprobante de ingresos,Hasta 30% del valor del avalúo; plazos 5-20 años,Consultar oferta,Según esquema,Sucursal,Propietario que necesita inversión relevante en renovación,valor_inmueble; costo_remodelacion; ingreso; score_crediticio; deuda_hipotecaria_actual,Vigente / página oficial activa,Tasa/CAT vigentes al 04-oct-2026,https://www.banorte.com/Creditos-Hipotecarios/Construccion-y-Remodelacion/Hipoteca-Fuerte-Banorte-Remodelacion.html
HI014,Hipoteca Fuerte Mejora de Hipoteca,Persona Física,Hipotecario,Pago de pasivo / sustitución hipotecaria,Persona Física con hipoteca en otra institución,Transferir/pagar hipoteca de otro banco,Crédito hipotecario para mejora de condiciones,,,,,,240.0,Fija,8.8,12.4,,MXN,,,,,,,Sujeto a aprobación,Hipoteca sobre inmueble,Solicitud; identificación oficial vigente; comprobante de domicilio <=3 meses; comprobante de ingresos; estado de cuenta/carta saldo del crédito actual,Permite transferir pasivo hipotecario; posibilidad de mejorar condiciones,Sí según esquema,Según esquema,Sucursal,Cliente con hipoteca vigente en otra institución y buen historial,tasa_hipoteca_actual; saldo_insoluto; score_crediticio; ingreso; plazo_restante,Vigente / página oficial activa,Tasa/CAT vigentes al 04-oct-2026,https://gfb20194k4k0n4-www.banorte.com/Creditos-Hipotecarios/Mejora-de-Hipoteca/Hipoteca-Fuerte-Banorte-Pago-de-Pasivo-Hipotecario-con-otras-Instituciones.html
HI015,Hipoteca Fuerte Mejora + Remodelación,Persona Física,Hipotecario,Mejora de hipoteca + remodelación,Persona Física con hipoteca en otra institución,Transferir hipoteca y obtener monto adicional para remodelar,Crédito hipotecario combinado,,,85.0,,60.0,240.0,Fija,8.8,12.4,0% comisión por contratación,MXN,,,,,,,Sujeto a aprobación,Hipoteca sobre inmueble,Solicitud; identificación oficial vigente; comprobante de domicilio <=3 meses; comprobante de ingresos; documentación de hipoteca actual,Transfiere pasivo y entrega monto adicional de remodelación; hasta 85% avalúo,Sí según oferta,Según esquema,Sucursal,Cliente que desea refinanciar y remodelar simultáneamente,saldo_hipoteca; tasa_actual; costo_remodelacion; valor_inmueble; score_crediticio,Vigente / página oficial activa,Tasa/CAT vigentes al 04-oct-2026,https://gfb20194k4k0n4-www.banorte.com/Creditos-Hipotecarios/Mejora-de-Hipoteca/Hipoteca-Fuerte-Banorte-Mejora-de-Hipoteca-mas-Remodelacion.html
HI016,Mejora de Hipoteca + Liquidez,Persona Física,Hipotecario,Refinanciamiento + liquidez,Persona Física con hipoteca,Mejorar hipoteca y recibir liquidez adicional,Crédito hipotecario combinado,,,,,,240.0,Fija,8.8,12.9,,MXN,,,,,,,Sujeto a aprobación,Hipoteca sobre inmueble,Solicitud; identificación oficial vigente; comprobante de domicilio <=3 meses; comprobante de ingresos; documentación de hipoteca actual,Refinancia pasivo y permite liquidez adicional con garantía hipotecaria,Según oferta,Según esquema,Sucursal,Cliente con patrimonio inmobiliario que desea mejorar deuda y obtener efectivo,saldo_hipoteca; valor_inmueble; ingreso; score_crediticio; necesidad_liquidez,Vigente / página oficial activa,"CAT mejora 12.9% y liquidez 11.8%, vigentes al 04-oct-2026",https://gfb20194k4k0n4-www.banorte.com/Creditos-Hipotecarios/Mejora-de-Hipoteca/Mejora-de-Hipoteca-mas-Liquidez.html
HI017,Hipoteca Verde Mejora de Hipoteca,Persona Física,Hipotecario,Mejora de hipoteca sustentable,Persona Física,Transferir hipoteca de vivienda sustentable elegible,Crédito hipotecario verde / mejora,,,,,,240.0,Fija,11.08,11.8,,MXN,,,,,,,Sujeto a aprobación,Hipoteca,Solicitud; identificación oficial vigente; comprobante de domicilio <=3 meses; comprobante de ingresos; documentación de crédito actual y certificación cuando aplique,Condiciones verdes; sin penalización por pagos anticipados según producto,Sí,Según condiciones de Hipoteca Verde,Sucursal,Cliente con vivienda sustentable que desea transferir hipoteca,certificacion_vivienda; tasa_actual; saldo_hipoteca; score_crediticio; ingreso,Vigente / página oficial activa,Tasa/CAT vigentes al 04-oct-2026,https://gfb20194k4k0n4-www.banorte.com/Creditos-Hipotecarios/Mejora-de-Hipoteca/Hipoteca-Verde-Banorte-Mejora-de-Hipoteca.html
HI018,Hipoteca Fuerte Cero Mejora de Hipoteca,Persona Física,Hipotecario,Mejora de hipoteca sin comisiones principales,Persona Física,Transferir hipoteca buscando reducir costos de originación,Crédito hipotecario,,,,,,240.0,Fija,10.8,11.9,0% contratación; esquema Cero,MXN,,,,,,,Sujeto a aprobación,Hipoteca,Solicitud; identificación oficial vigente; comprobante de domicilio <=3 meses; comprobante de ingresos; documentación de hipoteca vigente,Versión Cero para mejora de hipoteca; menor costo de originación,Sí según producto,Según esquema Cero,Sucursal,Cliente que desea refinanciar minimizando comisiones iniciales,tasa_actual; saldo_hipoteca; sensibilidad_comisiones; score_crediticio; ingreso,Vigente / página oficial activa,Tasa/CAT vigentes al 04-oct-2026,https://gfb20194k4k0n4-www.banorte.com/Creditos-Hipotecarios/Mejora-de-Hipoteca/Hipoteca-Fuerte-Cero-Banorte-Mejora-de-Hipoteca.html
HI019,Crédito Hipotecario Liquidez,Persona Física,Hipotecario,Liquidez con garantía hipotecaria,Persona Física sin actividad empresarial,Obtener efectivo dejando vivienda en garantía,Crédito hipotecario de liquidez,,,70.0,,60.0,180.0,Fija,12.99,17.1,,MXN,,,,,,,Sujeto a aprobación,Casa habitación en garantía,Solicitud; identificación oficial vigente; comprobante de domicilio <=3 meses; comprobante de ingresos; documentación del inmueble,Hasta 70% del valor de vivienda; uso libre de recursos; pagos fijos,Consultar oferta,Seguros hipotecarios según esquema,Sucursal,Propietario con patrimonio inmobiliario que necesita liquidez relevante,valor_inmueble; deuda_actual; ingreso; score_crediticio; necesidad_liquidez,Vigente / página oficial activa,Tasa/CAT vigentes al 04-oct-2026,https://www.banorte.com/Creditos-Hipotecarios/Credito-Hipotecario-Liquidez.html
PY001,Crediactivo Simple,PyME,PyME,Crédito simple,PFAE / Persona Moral,"Activo fijo, remodelación, ampliación y capital de trabajo",Crédito simple,,30000000.0,,,12.0,60.0,Fija o variable,,,Consultar; depende de monto/programa,MXN,,,,,,2.0,Sujeto a Buró y evaluación,Obligado solidario con bien inmueble libre de gravamen; en plazos largos puede requerir garantía hipotecaria,Solicitud-contrato; identificaciones; estados de cuenta; estados financieros para montos >$8M; programa de inversión; boleta predial; documentos societarios,Hasta $30M; MXN o USD si hay ingresos en USD; 12-60 meses; hasta 10 años con garantía hipotecaria,Depende del programa,,Ejecutivo PyME / crédito en línea,PyME con proyecto de inversión o necesidad de capital de trabajo estructurada,ventas_anuales; flujo_caja; antiguedad_negocio; score_buro; activos; destino_credito; moneda_ingresos,Vigente / página oficial activa,,https://www.banorte.com/PyME/Financiamiento/Crediactivo-Simple
PY002,Crediactivo Cuenta Corriente,PyME,PyME,Cuenta corriente revolvente,PFAE / Persona Moral,"Capital de trabajo, nómina, impuestos, proveedores, imprevistos",Crédito revolvente / cuenta corriente,,30000000.0,,,12.0,36.0,Variable,,,,MXN,,,,,,2.0,Sujeto a Buró y evaluación,Obligado solidario; garantía hipotecaria en ciertos montos/plazos,Solicitud; identificaciones; estados de cuenta; estados financieros si >$8M; documentos fiscales/societarios,Paga intereses sólo por monto y días usados; disposición y pagos por banca electrónica; MXN o USD,Revolvente; pagos liberan disponibilidad,,Ejecutivo PyME / banca electrónica,Negocio con necesidades recurrentes y variables de capital de trabajo,ventas; flujo_caja; estacionalidad; saldo_promedio; antiguedad_negocio; uso_linea; score_buro,Vigente / página oficial activa,,https://www.banorte.com/PyME/Financiamiento/Crediactivo-Cuenta-Corriente
PY003,Crédito Negocios y Empresas,PyME,PyME,Línea revolvente para capital de trabajo,PFAE / Persona Moral,Capital de trabajo,Crédito revolvente,30000.0,3000000.0,,,,12.0,Variable / según oferta,,,,MXN,,,,,,2.0,Autorización de Buró; sujeto a aprobación,Para ciertos montos puede requerir soporte inmobiliario / obligado solidario,Solicitud-contrato; RFC/alta; identificación; estados de cuenta; documentos societarios; comprobante domicilio; boleta predial cuando aplique,Renovación anual automática; disposición 24/7; evaluación simplificada por rangos; línea hasta $3M,Revolvente,,Sucursal / Banca Electrónica,PyME con operación recurrente y necesidad flexible de capital de trabajo,ventas_anuales; saldo_promedio; antiguedad_negocio; score_buro; flujo_operativo,Vigente / página oficial activa,,https://www.banorte.com/PyME/Financiamiento/Credito-Negocios-y-Empresas
PY004,Crédito PyME en Línea,PyME,PyME,Crédito simple o revolvente digital,PFAE / Persona Moral,Capital de trabajo e inversión PyME,Simple hasta 60 meses / revolvente 12 meses,200000.0,8000000.0,,,12.0,60.0,Fija (simple) o variable (simple/revolvente),,,,MXN,,,,,,2.0,Antecedentes crediticios favorables,No requiere garantía hipotecaria; solicitante/OS debe contar con bien inmueble,Identificación; constancia fiscal; acta constitutiva si PM; estados de cuenta bancarios,Trámite en línea con preaprobación; no exige estados financieros/declaraciones para evaluación base; MXN,Consultar condiciones,,En línea,PyME formal con flujos bancarios comprobables que busca trámite rápido,ventas; transaccionalidad_bancaria; antiguedad_negocio; score_buro; flujo_caja,Vigente / página oficial activa,,https://www.banorte.com/PyME/Financiamiento/Credito-PyME-en-linea
PY005,MicroApoyo,PyME,PyME,Microcrédito empresarial,PFAE bajo RIF (según página oficial),Capital de trabajo,Crédito simple sin garantía real,30000.0,300000.0,,,12.0,48.0,Fija o variable,,,,MXN,,,15000.0,25.0,65.0,,Sujeto a aprobación,Cliente u obligado solidario debe contar con bien raíz libre de gravamen; no se hipoteca,Estados de cuenta de 6 meses; documentación fiscal e identificación,Microfinanciamiento para negocio; no requiere estados financieros; hasta 4 años,Puede cobrar comisión por prepago,,Sucursal,Microempresario formal elegible al régimen indicado en la página,ingreso_negocio; ventas_anuales; regimen_fiscal; antiguedad_negocio; score_buro,"Producto vigente en menú 2026; CAT localizado tenía vigencia expirada, por lo que no se usa como dato actual",,https://www.banorte.com/PyME/Financiamiento/MicroApoyo
PY006,Crediactivo Mujer PyME,PyME,PyME,Crédito simple / cuenta corriente con beneficios Mujer PyME,PFAE mujer / PM con >=51% participación accionaria de mujeres,Capital de trabajo o inversión,Crédito simple o cuenta corriente,200000.0,8000000.0,,,,60.0,Fija o variable preferencial,,,,MXN,,,,,,,Sujeto a evaluación,"Posibilidad de exceptuar bien raíz: cuenta corriente hasta $3M y simple hasta $8M, sujeto a condiciones",Identificación; comprobantes domicilio; constancia fiscal; estados de cuenta 6 meses; actas societarias para PM,Tasa/comisión preferenciales; evaluación por estados de cuenta; beneficios integrales Mujer PyME,Según modalidad,,Sucursal / Ejecutivo PyME,Negocio liderado o mayoritariamente propiedad de mujeres,sexo_propietario/participacion_mujeres; ventas; flujo_caja; antiguedad_negocio; score_buro,Vigente / página oficial activa,,https://www.banorte.com/Pyme/Soluciones-Integrales/Mujer-PyME.html
EM001,Crédito de Habilitación o Avío,Empresas,Empresarial,Corto plazo especializado,"Empresa sectores agropecuario, ganadero, forestal o pesquero","Materias primas, materiales, salarios y gastos directos del ciclo operativo",Habilitación o avío,,,,,,,,,,,MXN,,,,,,,Sujeto a evaluación,Según operación,Expediente empresarial definido por ejecutivo,Financia ciclo operativo sin descapitalizar,Según contrato,,Ejecutivo Banca Empresarial/Corporativa,Empresa primaria/agroindustrial con necesidades del ciclo productivo,sector; ciclo_operativo; ventas; flujo_caja; estacionalidad; garantías,Vigente / página oficial activa,,https://www.banorte.com/Empresas/Financiamiento/Credito-Corto-Plazo/Credito-de-Habilitacion-o-Avio.html
EM002,Crédito en Línea,Empresas,Empresarial,Línea revolvente digital,Empresa,Capital de trabajo y liquidez operativa,Línea de crédito revolvente,,,,,,,,,,,MXN,,,,,,,Sujeto a evaluación,Según aprobación,Expediente empresarial; condiciones definidas por ejecutivo,"Disposición, pago y consulta en tiempo real por Banorte en su Empresa (BEM)",Revolvente,,Ejecutivo Banca Empresarial / BEM,Empresa que requiere disposición recurrente y digital de crédito,ventas; flujo_caja; saldo_promedio; frecuencia_necesidad; score_empresa,Vigente / página oficial activa,,https://www.banorte.com/Empresas/Financiamiento/Credito-Corto-Plazo/Credito-en-linea
EM003,Crédito para Capital de Trabajo,Empresas,Empresarial,Capital de trabajo,Empresa,Necesidades directamente relacionadas con operación,Crédito revolvente,,,,,,,,,,,MXN,,,,,,,Sujeto a evaluación,Según operación,Expediente empresarial definido por ejecutivo,Revolvencia para no descapitalizar el ciclo operativo; plazos definidos por contrato,Revolvente,,Ejecutivo Banca Empresarial/Corporativa,Empresa con desfases de cobro/pago o necesidades recurrentes de operación,capital_trabajo_neto; ciclo_conversion_efectivo; ventas; cuentas_cobrar; inventario,Vigente / página oficial activa,,https://www.banorte.com/Empresas/Financiamiento/Credito-Corto-Plazo/Credito-para-capital-de-trabajo.html
EM004,Línea T + 1,Empresas,Empresarial,Disponibilidad inmediata de cheques,Empresa,Disponer el mismo día de cheques de otros bancos,Línea de servicio/crédito de corto plazo,,,,,,,,,,,MXN,,,,,,,Requiere reporte de Buró,Avalista cuando aplique,Carta solicitud; Buró; estados financieros parciales; escritura constitutiva; alta SHCP; cédula fiscal,Liquidez inmediata sobre cheques nacionales o extranjeros,Naturaleza de corto plazo,,Ejecutivo Empresarial/Corporativo,Empresa que recibe pagos en cheque y necesita disponibilidad inmediata,volumen_cheques; dias_cobranza; liquidez; historial_crediticio; facturacion,Vigente / página oficial activa,,https://acceso24.banorte.com/wps/portal/empresas/Home/empresas-corporativos/financiamiento/credito-corto-plazo/emp-fina-credito-corto-plazo.lineat1/
EM005,Línea de Sobregiro Empresarial,Empresas,Empresarial,Sobregiro,Empresa afiliada / elegible,Necesidades inmediatas de capital de trabajo,Línea de sobregiro,,,,,,,,,,,MXN,,,,,,,Sujeto a evaluación,No requiere aval ni garantía según producto,Trámite con ejecutivo,Flexibilidad; monto definido con base en facturación; fondos disponibles según necesidad,Corto plazo / liquidación operativa,,Ejecutivo Empresarial/Corporativo,Empresa con ventas regulares y faltantes temporales de caja,facturacion; saldo_promedio; flujo_diario; sobregiros_previos; liquidez,Vigente / página oficial activa,,https://www.banorte.com/Empresas/Financiamiento/Credito-Corto-Plazo/Linea-de-sobregiro.html
EM006,Crédito Refaccionario,Empresas,Empresarial,Largo plazo / activo fijo,Empresa,Compra o sustitución de maquinaria y equipo / activos fijos,Crédito refaccionario,,,,,,60.0,,,,,MXN,,,,,,,Sujeto a análisis,Activos/garantías según estructura,Expediente empresarial con ejecutivo,Financia activos productivos sin descapitalizar; plazo hasta 5 años,Según contrato,,Ejecutivo Banca Empresarial,Empresa que necesita modernizar o ampliar capacidad productiva,capex; vida_activos; flujo_proyecto; ventas; margen_operativo; garantía,Vigente / página oficial activa,,https://www.banorte.com/Empresas/Financiamiento/Credito-a-largo-plazo/Credito-Refaccionario.html
EM007,Proyectos Inmobiliarios / Crédito Puente,Empresas,Empresarial,Desarrollo inmobiliario,PFAE desarrollador / Persona Moral,Construcción y desarrollo de vivienda,Crédito puente inmobiliario,,,80.0,,,24.0,,,,,MXN,,,,,,,Sujeto a evaluación técnica y financiera,Proyecto/inmueble y estructura definida por banco,"Expediente del desarrollador, experiencia, proyecto, costos, permisos y estados financieros según evaluación",Hasta 80% del valor total del proyecto; ministraciones conforme avance; apoyo para individualización,Amortización ligada a individualización,,Ejecutivo Empresarial/Corporativo,Desarrollador con experiencia y proyecto viable,experiencia_desarrollador; costo_proyecto; preventas; margen; avance_obra; garantías,Vigente / página oficial activa,,https://www.banorte.com/Empresas/Financiamiento/Credito-a-largo-plazo/Proyectos-Inmobiliarios
EM008,Plan Piso Auto,Empresas,Empresarial,Inventario automotriz,Distribuidor/concesionario automotriz,"Financiar inventario de autos, demostradores y camiones nuevos hasta 8 toneladas",Línea revolvente / plan piso,,,,,,36.0,Variable / TIIE + margen según evaluación,,,,MXN,,,,,,,Sujeto a evaluación,Prendaria sin transmisión sobre unidades; puede requerir OS/hipoteca,Acta constitutiva; poderes; IDs; RFC; estados financieros 3 años; financieros internos; proyecciones; póliza Plan Piso,Contrato hasta 3 años; disposiciones hasta 180 días + posible extensión; monitoreo 24/7,Capital al vencimiento de disposición o tras venta de unidad,Seguro Plan Piso con endoso preferente a Banorte,Ejecutivo especializado,Concesionario que necesita financiar inventario,ventas_unidades; rotacion_inventario; margen; relación_armadora; flujo; garantías,Vigente / página oficial activa,,https://acceso24.banorte.com/wps/portal/empresas/Home/empresas-corporativos/financiamiento/plan-piso-auto
