cliente_id,tipo_cliente,edad,sexo,estado_civil,numero_dependientes,nivel_educativo,estado_residencia,tipo_localidad,situacion_laboral,sector_actividad,antiguedad_laboral_o_negocio_anios,ingreso_mensual_mxn,ventas_mensuales_mxn,gastos_mensuales_mxn,capacidad_ahorro_mensual_mxn,antiguedad_cliente_anios,numero_productos_bancarios,tiene_cuenta_debito,tiene_tarjeta_credito,tiene_credito_personal,tiene_credito_automotriz,tiene_credito_hipotecario,tiene_credito_empresarial,tiene_inversiones,saldo_promedio_cuenta_mxn,saldo_tarjeta_credito_mxn,limite_credito_mxn,tiene_historial_crediticio,antiguedad_historial_crediticio_anios,score_crediticio,clasificacion_crediticia,creditos_activos,creditos_liquidados,pagos_atrasados_ultimos_12_meses,atraso_maximo_dias,tiene_creditos_vencidos,saldo_total_deuda_mxn,porcentaje_utilizacion_credito,consultas_crediticias_ultimos_12_meses,reestructuracion_deuda_previa,incumplimiento_crediticio_previo,nivel_riesgo_crediticio,transacciones_mensuales,gasto_mensual_tarjeta_mxn,porcentaje_uso_limite_credito,meses_con_saldo_vencido,nivel_ahorro,perfil_financiero,nivel_endeudamiento,usa_app_movil,sesiones_app_por_mes,transferencias_digitales_mes,pagos_servicios_app_mes,retiros_cajero_mes,visitas_sucursal_mes,canal_preferido,nivel_experiencia_digital,contactos_soporte_ultimos_6_meses,problema_mas_frecuente,satisfaccion_cliente,nps,considera_cambiar_banco,principal_objetivo_financiero,producto_interes,prefiere_atencion_personalizada
CLI001,Persona Física,47,Masculino,Casado,2,Preparatoria,Zacatecas,Suburbana,Empresario,Salud,1,27365,No aplica,15686,11679,8,3,Sí,No,Sí,No,Sí,No,No,35610,0,0,No,0,591,Regular,0,0,0,0,No,0,0.0,0,No,No,Medio,14,0,0.0,0,Alto,Moderado,Bajo,Sí,9,4,4,1,1,Web,Medio,0,Ninguno,6,7,No,Pagar deudas,Crédito personal,Sí
CLI002,Persona Moral,No aplica,No aplica,No aplica,No aplica,No aplica,Chiapas,Rural,Empresario,Tecnología,2,No aplica,138430,88464,49966,2,2,Sí,No,No,No,No,No,Sí,224121,0,0,Sí,1,736,Buena,1,0,1,30,No,6274,0.0,1,No,No,Bajo,25,0,0.0,0,Alto,Moderado,Bajo,No,0,0,1,2,1,Atención telefónica,Alto,2,Aclaraciones,7,8,No,Invertir,Ninguno,No
CLI003,Persona Física,53,Masculino,Casado,1,Universidad,San Luis Potosí,Urbana,Empleado,Educación,3,10604,No aplica,6101,4503,1,2,Sí,No,Sí,No,No,No,No,9402,0,0,Sí,3,651,Buena,0,2,3,30,No,0,0.0,3,No,No,Medio,25,0,0.0,0,Alto,Moderado,Bajo,Sí,13,2,7,3,0,App móvil,Medio,2,Tarjeta,6,6,Sí,Viajar,Hipoteca,Sí
CLI004,Persona Moral,No aplica,No aplica,No aplica,No aplica,No aplica,San Luis Potosí,Suburbana,Empresario,Manufactura,5,No aplica,207306,139117,68189,1,3,Sí,No,No,Sí,No,No,Sí,109567,0,0,No,0,553,Regular,0,0,0,0,No,0,0.0,0,No,No,Medio,57,0,0.0,0,Alto,Conservador,Bajo,Sí,8,3,3,2,1,Web,Medio,0,Ninguno,6,8,No,Capital de trabajo,Crédito empresarial,Sí
CLI005,Persona Física,60,Femenino,Casado,1,Secundaria,Oaxaca,Urbana,Empleado,Educación,11,30749,No aplica,20857,9892,1,2,Sí,No,No,No,Sí,No,No,12250,0,0,No,0,540,Baja,0,0,0,0,No,0,0.0,1,No,No,Medio,20,0,0.0,0,Alto,Conservador,Bajo,No,0,1,0,1,4,Cajero,Medio,1,App,6,6,No,Emprender,Crédito personal,Sí
CLI006,Persona Física,20,Femenino,Soltero,0,Universidad,Coahuila,Rural,Estudiante,Alimentos,0,7259,No aplica,6597,662,2,1,Sí,No,No,No,No,No,No,6922,0,0,Sí,2,612,Regular,1,0,2,30,No,28600,0.0,0,No,Sí,Medio,14,0,0.0,0,Medio,Dinámico,Alto,Sí,13,7,8,1,0,App móvil,Alto,1,Aclaraciones,5,5,No,Crear fondo de emergencia,Hipoteca,Sí
CLI007,Persona Moral,No aplica,No aplica,No aplica,No aplica,No aplica,Durango,Urbana,Empresario,Salud,1,No aplica,588540,527956,60584,1,2,Sí,No,No,No,No,Sí,No,150757,0,0,Sí,3,747,Buena,0,2,1,120,No,0,0.0,1,No,No,Medio,32,0,0.0,1,Medio,Conservador,Bajo,Sí,12,9,5,1,0,Sucursal,Bajo,1,Créditos,6,6,No,Capital de trabajo,Ninguno,No
CLI008,Persona Física,27,Otro/Prefiere no decir,Divorciado,0,Universidad,Durango,Urbana,Independiente,Logística,9,20040,No aplica,12752,7288,4,2,Sí,No,No,No,No,No,Sí,49847,0,0,Sí,6,749,Buena,0,2,2,60,No,0,0.0,0,No,No,Medio,23,0,0.0,0,Alto,Conservador,Bajo,Sí,10,10,2,0,0,Web,Medio,0,Ninguno,8,9,No,Comprar vivienda,Seguro,No
CLI009,Persona Física,27,Masculino,Soltero,0,Posgrado,Baja California,Urbana,Empleado,Construcción,4,28007,No aplica,17344,10663,2,4,Sí,Sí,Sí,Sí,No,No,No,38030,6081,16028,Sí,6,723,Buena,2,2,0,0,No,59684,37.9,0,No,No,Bajo,25,3015,37.9,0,Alto,Conservador,Medio,Sí,16,4,6,0,3,Cajero,Medio,1,Créditos,7,8,No,Invertir,Seguro,Sí
CLI010,Persona Física,37,Femenino,Viudo,1,Posgrado,Estado de México,Urbana,Independiente,Educación,8,24461,No aplica,22284,2177,3,2,Sí,No,No,No,Sí,No,No,11093,0,0,Sí,10,756,Excelente,1,0,0,0,No,38172,0.0,1,No,No,Bajo,20,0,0.0,0,Medio,Dinámico,Medio,Sí,11,5,4,0,1,Web,Alto,0,Ninguno,7,7,No,Emprender,Crédito personal,Sí
CLI011,Persona Física,33,Femenino,Viudo,0,Preparatoria,San Luis Potosí,Urbana,Independiente,Gobierno,10,14673,No aplica,8568,6105,15,1,Sí,No,No,No,No,No,No,6499,0,0,No,0,606,Regular,0,0,0,0,No,0,0.0,0,No,No,Medio,21,0,0.0,0,Alto,Conservador,Bajo,Sí,16,4,2,0,1,App móvil,Bajo,2,Transferencias,6,7,No,Pagar deudas,Tarjeta de crédito,Sí
CLI012,Persona Física,34,Femenino,Casado,0,Posgrado,Querétaro,Urbana,Empleado,Alimentos,16,32275,No aplica,18703,13572,3,2,Sí,Sí,No,No,No,No,No,11993,41866,44212,No,0,580,Regular,0,0,0,0,No,41866,94.7,1,No,No,Medio,27,17711,94.7,0,Alto,Moderado,Alto,Sí,10,8,8,2,0,Web,Medio,3,App,4,6,No,Comprar vivienda,Seguro,No
CLI013,Persona Física,38,Masculino,Casado,1,Preparatoria,Sinaloa,Urbana,Empleado,Gobierno,0,33486,No aplica,29999,3487,7,2,Sí,Sí,No,No,No,No,No,41434,43314,54521,Sí,15,817,Excelente,1,6,1,60,No,74254,79.4,4,No,No,Medio,21,12267,79.4,0,Medio,Dinámico,Alto,Sí,11,10,6,1,0,Web,Alto,0,Ninguno,7,7,No,Comprar automóvil,Seguro,Sí
CLI014,Persona Moral,No aplica,No aplica,No aplica,No aplica,No aplica,Sinaloa,Suburbana,Empresario,Alimentos,3,No aplica,95428,67812,27616,3,2,Sí,No,No,No,No,No,Sí,181716,0,0,Sí,2,609,Regular,0,0,1,30,No,0,0.0,1,Sí,Sí,Medio,34,0,0.0,0,Alto,Conservador,Bajo,Sí,12,5,3,0,0,App móvil,Medio,1,Aclaraciones,6,3,No,Capital de trabajo,Inversión,No
CLI015,Persona Física,52,Femenino,Viudo,1,Universidad,Nuevo León,Rural,Empleado,Logística,5,13755,No aplica,8154,5601,2,1,Sí,No,No,No,No,No,No,1399,0,0,Sí,3,700,Buena,0,0,1,60,No,0,0.0,1,No,No,Bajo,20,0,0.0,0,Alto,Moderado,Bajo,No,0,0,1,2,1,Sucursal,Bajo,2,Tarjeta,7,7,Sí,Emprender,Inversión,Sí
CLI016,Persona Física,35,Masculino,Divorciado,0,Universidad,Veracruz,Suburbana,Empleado,Construcción,2,20008,No aplica,12290,7718,1,3,Sí,Sí,No,No,No,No,Sí,3793,7530,19473,Sí,12,755,Excelente,1,6,0,0,No,22506,38.7,1,No,No,Bajo,18,4150,38.7,0,Alto,Moderado,Medio,Sí,10,3,2,3,1,Web,Alto,1,Tarjeta,5,3,No,Ahorrar,Ninguno,No
CLI017,Persona Moral,No aplica,No aplica,No aplica,No aplica,No aplica,Chiapas,Urbana,Empresario,Manufactura,22,No aplica,86172,74607,11565,13,1,No,Sí,No,No,No,No,No,42660,35435,80959,Sí,15,796,Excelente,0,5,0,0,No,35435,43.8,1,No,No,Bajo,38,25563,43.8,1,Medio,Moderado,Medio,Sí,9,6,5,1,1,Web,Medio,3,Aclaraciones,6,8,No,Capital de trabajo,Ninguno,No
CLI018,Persona Física,34,Femenino,Casado,0,Universidad,Hidalgo,Urbana,Empleado,Gobierno,2,36500,No aplica,29435,7065,5,3,Sí,Sí,Sí,No,No,No,No,29258,3562,18503,No,0,571,Regular,0,0,0,0,No,3562,19.3,0,No,No,Medio,18,2959,19.3,2,Medio,Moderado,Bajo,Sí,15,10,5,2,0,Cajero,Alto,1,Transferencias,6,7,Sí,Ahorrar,Hipoteca,Sí
CLI019,Persona Física,58,Femenino,Divorciado,0,Posgrado,Jalisco,Suburbana,Empleado,Manufactura,2,19163,No aplica,14007,5156,1,3,Sí,Sí,No,Sí,No,No,No,7012,6146,11722,Sí,4,788,Excelente,2,1,1,120,No,27326,52.4,2,No,No,Bajo,19,6758,52.4,0,Alto,Dinámico,Medio,Sí,11,1,2,0,0,App móvil,Alto,1,App,8,8,No,Viajar,Inversión,No
CLI020,Persona Física,38,Femenino,Casado,0,Secundaria,Coahuila,Urbana,Independiente,Alimentos,6,13487,No aplica,8729,4758,5,1,Sí,No,No,No,No,No,No,4130,0,0,Sí,11,711,Buena,1,2,1,30,No,18592,0.0,0,Sí,No,Bajo,22,0,0.0,0,Alto,Moderado,Medio,Sí,11,8,5,1,1,Cajero,Alto,0,Ninguno,5,3,Sí,Comprar automóvil,Seguro,No
CLI021,Persona Moral,No aplica,No aplica,No aplica,No aplica,No aplica,Morelos,Urbana,Empresario,Logística,4,No aplica,299808,181649,118159,4,3,Sí,Sí,No,No,No,No,Sí,129000,159790,225004,Sí,3,729,Buena,1,0,1,30,No,178284,71.0,1,No,No,Medio,40,54328,71.0,0,Alto,Moderado,Medio,Sí,5,3,6,0,0,App móvil,Medio,0,Ninguno,8,7,No,Pagar deudas,Inversión,Sí
CLI022,Persona Moral,No aplica,No aplica,No aplica,No aplica,No aplica,Baja California,Urbana,Empresario,Alimentos,6,No aplica,306879,242738,64141,2,4,Sí,Sí,No,Sí,No,No,Sí,85175,272082,479127,Sí,1,687,Buena,2,1,1,60,No,342679,56.8,2,No,No,Bajo,46,254297,56.8,1,Medio,Moderado,Medio,No,0,1,2,5,5,Sucursal,Medio,2,Aclaraciones,6,4,No,Ahorrar,Seguro,Sí
CLI023,Persona Física,47,Otro/Prefiere no decir,Casado,0,Preparatoria,Sinaloa,Urbana,Empleado,Salud,0,10708,No aplica,8993,1715,0,2,Sí,Sí,No,No,No,No,No,10949,4988,18514,Sí,9,671,Buena,2,1,0,0,No,84835,26.9,1,No,No,Bajo,22,7663,26.9,0,Medio,Moderado,Alto,Sí,14,4,2,0,0,App móvil,Medio,2,Transferencias,5,6,Sí,Comprar automóvil,Hipoteca,Sí
CLI024,Persona Moral,No aplica,No aplica,No aplica,No aplica,No aplica,Oaxaca,Urbana,Empresario,Manufactura,25,No aplica,792346,714945,77401,3,1,No,No,No,No,No,Sí,No,245625,0,0,Sí,6,773,Excelente,1,4,0,0,No,15954,0.0,1,No,No,Bajo,33,0,0.0,1,Medio,Moderado,Bajo,Sí,7,5,6,0,0,App móvil,Bajo,1,Acceso a cuenta,6,6,No,Pagar deudas,Ninguno,Sí
CLI025,Persona Moral,No aplica,No aplica,No aplica,No aplica,No aplica,Morelos,Suburbana,Empresario,Comercio,2,No aplica,1931898,1295257,636641,2,2,Sí,No,No,No,No,No,Sí,43886,0,0,Sí,5,698,Buena,2,6,1,15,No,71184,0.0,4,No,No,Bajo,32,0,0.0,1,Alto,Conservador,Bajo,Sí,10,6,4,1,1,Cajero,Bajo,2,Tarjeta,8,7,No,Ahorrar,Crédito empresarial,No
CLI026,Persona Moral,No aplica,No aplica,No aplica,No aplica,No aplica,Coahuila,Suburbana,Empresario,Salud,2,No aplica,36645,29268,7377,0,4,Sí,Sí,No,No,No,Sí,Sí,29174,11198,61654,Sí,1,693,Buena,2,0,0,0,No,33534,18.2,1,No,No,Bajo,43,18514,18.2,1,Medio,Moderado,Bajo,Sí,9,5,1,2,0,Web,Alto,1,App,7,8,No,Ahorrar,Inversión,Sí
CLI027,Persona Física,48,Masculino,Soltero,1,Secundaria,Oaxaca,Urbana,Empleado,Salud,1,19174,No aplica,10795,8379,10,1,Sí,No,No,No,No,No,No,19161,0,0,Sí,4,737,Buena,0,1,0,0,No,0,0.0,1,No,No,Bajo,15,0,0.0,0,Alto,Conservador,Bajo,No,0,1,0,3,3,Cajero,Alto,1,Transferencias,6,5,Sí,Ahorrar,Ninguno,No
CLI028,Persona Física,61,Femenino,Soltero,1,Universidad,Baja California,Urbana,Empleado,Salud,2,34955,No aplica,26463,8492,0,2,Sí,No,No,No,Sí,No,No,10367,0,0,Sí,1,686,Buena,2,0,1,15,No,53095,0.0,1,No,No,Bajo,9,0,0.0,0,Medio,Conservador,Medio,No,0,3,1,6,0,Atención telefónica,Alto,0,Ninguno,6,5,No,Crear fondo de emergencia,Hipoteca,Sí
CLI029,Persona Moral,No aplica,No aplica,No aplica,No aplica,No aplica,Tabasco,Urbana,Empresario,Logística,17,No aplica,86272,73564,12708,4,3,Sí,Sí,No,No,No,No,Sí,20781,319723,500000,Sí,7,742,Buena,3,1,0,0,No,411163,63.9,0,No,No,Bajo,37,346603,63.9,0,Medio,Dinámico,Alto,Sí,14,7,5,2,0,App móvil,Medio,1,Créditos,6,7,No,Expandir negocio,Cuenta de ahorro,No
CLI030,Persona Física,48,Femenino,Casado,1,Secundaria,Durango,Urbana,Desempleado,Tecnología,0,1221,No aplica,961,260,1,2,Sí,Sí,No,No,No,No,No,820,5258,8448,Sí,2,683,Buena,1,1,1,15,No,24200,62.2,1,No,No,Bajo,19,2043,62.2,0,Medio,Dinámico,Alto,No,0,0,2,5,1,Cajero,Bajo,2,Créditos,6,5,No,Viajar,Hipoteca,No
CLI031,Persona Física,37,Masculino,Casado,1,Universidad,Sinaloa,Urbana,Empleado,Construcción,1,28207,No aplica,26645,1562,13,1,Sí,No,No,No,No,No,No,21598,0,0,Sí,4,712,Buena,1,0,1,15,No,27917,0.0,2,No,No,Medio,11,0,0.0,0,Bajo,Dinámico,Bajo,Sí,17,8,7,2,1,App móvil,Alto,3,App,6,7,No,Comprar automóvil,Inversión,No
CLI032,Persona Física,57,Femenino,Viudo,2,Posgrado,Puebla,Urbana,Empleado,Logística,3,15618,No aplica,13699,1919,1,4,Sí,Sí,Sí,No,No,No,Sí,5002,7239,21280,No,0,509,Baja,0,0,0,0,No,7239,34.0,0,No,No,Medio,10,11012,34.0,0,Medio,Conservador,Bajo,Sí,8,7,1,2,1,App móvil,Medio,2,Tarjeta,3,1,No,Viajar,Hipoteca,No
CLI033,Persona Física,39,Femenino,Casado,1,Preparatoria,Tabasco,Urbana,Independiente,Salud,10,5751,No aplica,4567,1184,5,0,No,No,No,No,No,No,No,2906,0,0,Sí,3,756,Excelente,0,0,1,15,No,0,0.0,1,No,No,Bajo,18,0,0.0,0,Medio,Conservador,Bajo,Sí,20,8,5,0,1,App móvil,Alto,1,Acceso a cuenta,7,8,No,Comprar automóvil,Crédito personal,Sí
CLI034,Persona Moral,No aplica,No aplica,No aplica,No aplica,No aplica,Yucatán,Suburbana,Empresario,Educación,3,No aplica,423021,266769,156252,0,1,Sí,No,No,No,No,No,No,414506,0,0,Sí,5,807,Excelente,0,3,0,0,No,0,0.0,2,No,No,Bajo,30,0,0.0,0,Alto,Conservador,Bajo,Sí,8,3,2,1,1,Cajero,Bajo,3,Tarjeta,5,4,No,Invertir,Ninguno,No
CLI035,Persona Moral,No aplica,No aplica,No aplica,No aplica,No aplica,Coahuila,Rural,Empresario,Construcción,10,No aplica,1689308,1265064,424244,0,3,Sí,Sí,No,No,No,Sí,No,868953,138502,500000,Sí,2,719,Buena,1,0,1,15,No,160777,27.7,4,No,No,Bajo,30,110121,27.7,1,Alto,Moderado,Bajo,No,0,1,0,2,3,Web,Alto,1,Créditos,8,9,No,Capital de trabajo,Cuenta de ahorro,No
CLI036,Persona Física,40,Femenino,Casado,3,Universidad,Veracruz,Suburbana,Independiente,Comercio,16,26273,No aplica,18450,7823,8,1,Sí,No,No,No,No,No,No,8930,0,0,Sí,11,645,Regular,0,4,3,60,Sí,0,0.0,1,Sí,Sí,Alto,18,0,0.0,2,Alto,Conservador,Bajo,Sí,21,5,4,0,1,Atención telefónica,Alto,0,Ninguno,5,4,No,Comprar automóvil,Hipoteca,No
CLI037,Persona Moral,No aplica,No aplica,No aplica,No aplica,No aplica,Michoacán,Rural,Empresario,Salud,2,No aplica,170753,119023,51730,0,4,Sí,Sí,No,Sí,No,No,Sí,46047,255307,255307,No,0,499,Baja,0,0,0,0,No,255307,100.0,0,No,No,Alto,34,96447,100.0,1,Alto,Moderado,Alto,Sí,13,2,2,1,0,Atención telefónica,Bajo,5,Créditos,6,4,No,Pagar deudas,Crédito empresarial,Sí
CLI038,Persona Física,69,Femenino,Casado,1,Universidad,Estado de México,Urbana,Independiente,Servicios,4,18676,No aplica,15780,2896,3,3,Sí,Sí,Sí,No,No,No,No,3385,3502,11068,Sí,4,449,Baja,1,2,7,90,No,31670,31.6,4,No,Sí,Alto,11,2099,31.6,0,Medio,Moderado,Medio,Sí,6,2,1,1,0,Cajero,Medio,1,Acceso a cuenta,7,6,Sí,Comprar automóvil,Inversión,Sí
CLI039,Persona Física,20,Femenino,Soltero,0,Universidad,Aguascalientes,Rural,Empleado,Gobierno,1,47753,No aplica,38011,9742,2,1,Sí,No,No,No,No,No,No,25298,0,0,Sí,1,745,Buena,1,0,2,30,No,15515,0.0,3,No,No,Medio,14,0,0.0,0,Medio,Moderado,Bajo,Sí,14,6,11,3,0,App móvil,Alto,0,Ninguno,8,9,No,Comprar vivienda,Ninguno,No
CLI040,Persona Física,40,Femenino,Casado,3,Secundaria,Jalisco,Suburbana,Empresario,Educación,4,10324,No aplica,6906,3418,3,1,No,No,Sí,No,No,No,No,6938,0,0,No,0,575,Regular,0,0,0,0,No,0,0.0,1,No,No,Medio,11,0,0.0,1,Alto,Conservador,Bajo,Sí,13,5,3,2,0,Web,Alto,1,Tarjeta,9,9,No,Comprar automóvil,Cuenta de ahorro,Sí
CLI041,Persona Física,43,Femenino,Soltero,0,Preparatoria,Guanajuato,Urbana,Empresario,Alimentos,3,52028,No aplica,43092,8936,0,3,Sí,Sí,Sí,No,No,No,No,5647,73456,149804,Sí,9,782,Excelente,2,0,0,0,No,83788,49.0,3,No,No,Bajo,22,87446,49.0,0,Medio,Moderado,Medio,No,0,1,0,1,1,Sucursal,Medio,4,Créditos,7,8,No,Emprender,Seguro,No
CLI042,Persona Física,48,Femenino,Casado,0,Secundaria,Ciudad de México,Rural,Independiente,Construcción,3,13300,No aplica,10357,2943,4,2,Sí,Sí,No,No,No,No,No,11690,7890,13389,Sí,3,675,Buena,0,1,0,0,No,7890,58.9,3,No,No,Bajo,18,2601,58.9,0,Medio,Moderado,Medio,Sí,11,5,3,1,0,App móvil,Alto,1,Créditos,8,7,No,Invertir,Inversión,Sí
CLI043,Persona Física,61,Femenino,Casado,0,Universidad,Veracruz,Urbana,Empleado,Servicios,4,19684,No aplica,11090,8594,0,2,Sí,Sí,No,No,No,No,No,1041,15073,45160,Sí,3,662,Buena,2,1,1,60,No,66104,33.4,1,No,Sí,Medio,12,12370,33.4,0,Alto,Dinámico,Alto,Sí,9,6,3,2,0,App móvil,Medio,1,Tarjeta,10,9,No,Viajar,Ninguno,No
CLI044,Persona Física,33,Femenino,Casado,1,Universidad,Ciudad de México,Rural,Empleado,Construcción,4,26494,No aplica,23893,2601,8,2,Sí,Sí,No,No,No,No,No,7964,2255,30019,Sí,15,689,Buena,0,5,1,60,No,2255,7.5,4,No,No,Bajo,17,13303,7.5,0,Medio,Moderado,Bajo,Sí,15,6,4,1,2,Sucursal,Medio,3,Tarjeta,5,6,Sí,Pagar deudas,Hipoteca,No
CLI045,Persona Física,37,Femenino,Casado,0,Secundaria,Guanajuato,Suburbana,Independiente,Manufactura,0,32151,No aplica,24881,7270,3,2,Sí,No,No,No,Sí,No,No,18805,0,0,Sí,1,700,Buena,3,0,1,90,No,63857,0.0,3,No,No,Bajo,16,0,0.0,0,Medio,Dinámico,Medio,Sí,16,5,6,1,1,App móvil,Alto,0,Ninguno,6,7,No,Emprender,Inversión,Sí
CLI046,Persona Física,33,Masculino,Soltero,1,Universidad,Tabasco,Urbana,Independiente,Logística,4,41296,No aplica,27756,13540,1,3,Sí,Sí,No,No,Sí,No,No,22917,24886,62085,Sí,11,628,Regular,3,5,3,15,Sí,66322,40.1,0,No,No,Alto,21,9927,40.1,4,Alto,Moderado,Medio,Sí,18,4,4,1,2,App móvil,Medio,3,Acceso a cuenta,6,7,No,Crear fondo de emergencia,Tarjeta de crédito,No
CLI047,Persona Física,31,Masculino,Unión libre,0,Universidad,Zacatecas,Urbana,Empleado,Alimentos,5,15619,No aplica,13784,1835,4,1,Sí,No,No,No,No,No,No,5914,0,0,No,0,599,Regular,0,0,0,0,No,0,0.0,0,No,No,Medio,18,0,0.0,0,Medio,Moderado,Bajo,Sí,12,9,8,1,0,App móvil,Alto,0,Ninguno,8,7,Sí,Viajar,Cuenta de ahorro,No
CLI048,Persona Moral,No aplica,No aplica,No aplica,No aplica,No aplica,Jalisco,Urbana,Empresario,Salud,29,No aplica,125283,88453,36830,3,3,Sí,Sí,No,No,No,Sí,No,66168,15918,80361,Sí,3,726,Buena,1,0,0,0,No,53392,19.8,1,No,No,Bajo,30,17085,19.8,0,Alto,Moderado,Bajo,Sí,10,5,5,3,1,App móvil,Medio,0,Ninguno,10,10,No,Capital de trabajo,Cuenta de ahorro,Sí
CLI049,Persona Física,31,Masculino,Divorciado,1,Universidad,Tabasco,Suburbana,Independiente,Alimentos,3,6151,No aplica,3680,2471,2,1,Sí,No,No,No,No,No,No,1272,0,0,No,0,551,Regular,0,0,0,0,No,0,0.0,1,No,No,Medio,20,0,0.0,0,Alto,Conservador,Bajo,Sí,19,6,0,1,0,App móvil,Alto,1,Tarjeta,6,6,Sí,Comprar vivienda,Hipoteca,No
CLI050,Persona Física,26,Femenino,Soltero,0,Universidad,Ciudad de México,Urbana,Empresario,Alimentos,8,66490,No aplica,54987,11503,2,3,Sí,Sí,No,No,No,No,Sí,34425,14888,43854,No,0,597,Regular,0,0,0,0,No,14888,33.9,0,No,No,Medio,17,20620,33.9,0,Medio,Moderado,Bajo,Sí,15,6,1,2,0,App móvil,Alto,1,App,8,10,No,Crear fondo de emergencia,Seguro,Sí
CLI051,Persona Moral,No aplica,No aplica,No aplica,No aplica,No aplica,Morelos,Urbana,Empresario,Educación,5,No aplica,2149028,1386073,762955,3,2,Sí,No,No,No,No,Sí,No,546259,0,0,No,0,582,Regular,0,0,0,0,No,0,0.0,0,No,No,Bajo,33,0,0.0,1,Alto,Conservador,Bajo,No,0,0,1,6,3,Cajero,Medio,1,Aclaraciones,7,9,No,Invertir,Crédito empresarial,Sí
CLI052,Persona Física,71,Femenino,Casado,3,Posgrado,Yucatán,Urbana,Empresario,Servicios,2,22317,No aplica,20901,1416,3,1,Sí,No,No,No,No,No,No,4109,0,0,Sí,3,626,Regular,0,1,1,30,No,0,0.0,4,Sí,No,Bajo,18,0,0.0,0,Bajo,Moderado,Bajo,Sí,12,6,2,2,2,Web,Bajo,4,App,6,7,No,Comprar vivienda,Seguro,No
CLI053,Persona Física,37,Masculino,Soltero,1,Preparatoria,Sinaloa,Urbana,Desempleado,Construcción,0,3533,No aplica,2576,957,3,2,Sí,No,Sí,No,No,No,No,2196,0,0,Sí,1,690,Buena,2,0,1,60,No,21592,0.0,2,No,No,Medio,20,0,0.0,0,Alto,Dinámico,Alto,Sí,16,7,2,1,0,App móvil,Alto,0,Ninguno,4,4,No,Comprar automóvil,Seguro,No
CLI054,Persona Física,40,Femenino,Unión libre,2,Universidad,Querétaro,Urbana,Independiente,Construcción,0,14647,No aplica,10416,4231,1,2,Sí,Sí,No,No,No,No,No,2912,6251,11249,No,0,549,Baja,0,0,0,0,No,6251,55.6,2,No,No,Medio,20,7185,55.6,0,Alto,Moderado,Medio,Sí,11,6,4,1,0,Web,Medio,1,Acceso a cuenta,5,4,No,Comprar automóvil,Ninguno,Sí
CLI055,Persona Física,56,Masculino,Casado,0,Posgrado,Hidalgo,Urbana,Empleado,Tecnología,4,24490,No aplica,21691,2799,0,4,Sí,No,Sí,Sí,Sí,No,No,10200,0,0,No,0,526,Baja,0,0,0,0,No,0,0.0,0,No,No,Medio,15,0,0.0,0,Medio,Dinámico,Bajo,Sí,12,8,2,2,0,Sucursal,Bajo,1,Créditos,8,6,No,Viajar,Tarjeta de crédito,Sí
CLI056,Persona Física,20,Otro/Prefiere no decir,Soltero,0,Secundaria,Tamaulipas,Urbana,Desempleado,Servicios,0,2609,No aplica,1869,740,2,2,Sí,Sí,No,No,No,No,No,803,7843,9015,No,0,549,Baja,0,0,0,0,No,7843,87.0,1,No,No,Alto,16,3311,87.0,0,Alto,Dinámico,Alto,Sí,12,3,2,1,0,App móvil,Alto,3,Créditos,7,7,No,Viajar,Tarjeta de crédito,No
CLI057,Persona Física,40,Masculino,Casado,2,Universidad,Veracruz,Urbana,Empleado,Tecnología,7,38175,No aplica,32798,5377,3,2,Sí,Sí,No,No,No,No,No,7872,18189,44681,Sí,3,666,Buena,0,1,0,0,No,18189,40.7,1,No,Sí,Medio,22,16482,40.7,0,Medio,Conservador,Medio,Sí,5,4,7,1,0,Web,Alto,2,App,7,7,No,Ahorrar,Inversión,No
CLI058,Persona Física,22,Otro/Prefiere no decir,Soltero,1,Secundaria,Ciudad de México,Suburbana,Empleado,Servicios,3,33743,No aplica,30942,2801,1,3,Sí,No,Sí,No,No,No,Sí,27347,0,0,Sí,4,720,Buena,0,0,0,0,No,0,0.0,2,No,No,Bajo,14,0,0.0,0,Medio,Moderado,Bajo,No,0,0,0,4,1,Cajero,Alto,0,Ninguno,6,7,Sí,Emprender,Tarjeta de crédito,Sí
CLI059,Persona Física,18,Femenino,Soltero,0,Preparatoria,Ciudad de México,Suburbana,Estudiante,Logística,0,4748,No aplica,2750,1998,1,3,Sí,Sí,No,No,No,No,Sí,2528,7313,8714,No,0,561,Regular,0,0,0,0,No,7313,83.9,1,No,No,Alto,19,3698,83.9,0,Alto,Dinámico,Alto,Sí,22,7,4,2,1,App móvil,Alto,5,Tarjeta,3,4,No,Crear fondo de emergencia,Crédito personal,No
CLI060,Persona Física,18,Femenino,Soltero,1,Secundaria,Michoacán,Urbana,Estudiante,Gobierno,0,1302,No aplica,1194,108,0,1,Sí,No,No,No,No,No,No,2253,0,0,Sí,1,708,Buena,0,0,0,0,No,0,0.0,2,No,No,Bajo,18,0,0.0,0,Medio,Moderado,Bajo,Sí,13,9,3,2,2,Cajero,Alto,3,App,7,7,No,Ahorrar,Tarjeta de crédito,No
CLI061,Persona Física,55,Femenino,Casado,1,Posgrado,Yucatán,Urbana,Empleado,Alimentos,0,34332,No aplica,18882,15450,2,3,Sí,Sí,Sí,No,No,No,No,8553,14839,30896,No,0,561,Regular,0,0,0,0,No,14839,48.0,1,No,No,Alto,14,17241,48.0,1,Alto,Conservador,Medio,Sí,8,8,2,2,1,Web,Medio,1,Tarjeta,6,4,Sí,Comprar automóvil,Cuenta de ahorro,Sí
CLI062,Persona Física,55,Masculino,Soltero,1,Universidad,Sonora,Suburbana,Empleado,Gobierno,4,13685,No aplica,10312,3373,2,2,Sí,Sí,No,No,No,No,No,11963,23187,33569,No,0,569,Regular,0,0,0,0,No,23187,69.1,0,No,No,Medio,23,18458,69.1,0,Medio,Dinámico,Medio,Sí,17,5,1,3,2,App móvil,Medio,1,Transferencias,8,10,No,Comprar vivienda,Ninguno,No
CLI063,Persona Física,41,Femenino,Casado,1,Preparatoria,Sonora,Suburbana,Empleado,Comercio,10,6144,No aplica,3702,2442,8,1,Sí,No,No,No,No,No,No,5436,0,0,Sí,2,672,Buena,0,2,0,0,Sí,0,0.0,2,No,No,Bajo,16,0,0.0,3,Alto,Conservador,Bajo,Sí,15,4,6,0,0,Cajero,Alto,0,Ninguno,6,6,No,Comprar vivienda,Tarjeta de crédito,Sí
CLI064,Persona Moral,No aplica,No aplica,No aplica,No aplica,No aplica,Durango,Suburbana,Empresario,Logística,2,No aplica,254354,194831,59523,1,4,Sí,Sí,No,No,No,Sí,Sí,314066,97352,237628,Sí,7,743,Buena,1,1,1,15,No,122516,41.0,1,No,No,Bajo,43,37619,41.0,1,Medio,Moderado,Medio,Sí,12,6,4,3,0,Web,Medio,1,Acceso a cuenta,7,8,No,Expandir negocio,Cuenta de ahorro,Sí
CLI065,Persona Física,39,Femenino,Soltero,0,Posgrado,Guanajuato,Urbana,Empleado,Salud,11,38265,No aplica,35999,2266,0,3,Sí,Sí,No,No,Sí,No,No,6226,28712,50927,No,0,553,Regular,0,0,0,0,No,28712,56.4,0,No,No,Medio,19,14418,56.4,0,Bajo,Moderado,Medio,Sí,6,3,2,0,0,Cajero,Alto,2,Aclaraciones,7,8,No,Crear fondo de emergencia,Ninguno,No
CLI066,Persona Moral,No aplica,No aplica,No aplica,No aplica,No aplica,Ciudad de México,Suburbana,Empresario,Manufactura,15,No aplica,291720,193728,97992,4,3,Sí,No,No,No,No,Sí,Sí,194404,0,0,Sí,8,722,Buena,2,2,2,90,No,37642,0.0,4,Sí,No,Bajo,28,0,0.0,0,Alto,Conservador,Bajo,Sí,10,2,4,1,0,App móvil,Bajo,0,Ninguno,5,6,No,Pagar deudas,Crédito empresarial,No
CLI067,Persona Física,45,Femenino,Soltero,2,Universidad,Guanajuato,Urbana,Empleado,Servicios,2,13102,No aplica,9905,3197,3,1,Sí,No,No,No,No,No,No,2490,0,0,Sí,3,752,Excelente,2,2,0,0,No,43231,0.0,4,No,No,Bajo,23,0,0.0,1,Medio,Dinámico,Alto,Sí,14,5,1,0,1,App móvil,Alto,1,Transferencias,3,2,No,Comprar automóvil,Ninguno,Sí
CLI068,Persona Física,22,Masculino,Soltero,0,Posgrado,Chiapas,Suburbana,Empleado,Salud,2,97086,No aplica,62925,34161,0,2,Sí,Sí,No,No,No,No,No,50499,31928,57341,Sí,2,664,Buena,1,0,2,90,No,39264,55.7,2,No,No,Medio,13,15105,55.7,0,Alto,Conservador,Medio,Sí,20,4,5,5,0,App móvil,Alto,2,Tarjeta,7,6,No,Viajar,Hipoteca,Sí
CLI069,Persona Moral,No aplica,No aplica,No aplica,No aplica,No aplica,Ciudad de México,Urbana,Empresario,Educación,5,No aplica,250226,214476,35750,5,2,Sí,Sí,No,No,No,No,No,73832,90631,500000,Sí,5,684,Buena,1,2,1,15,No,117929,18.1,3,No,No,Bajo,43,76461,18.1,1,Medio,Moderado,Bajo,No,0,1,2,3,3,Cajero,Medio,0,Ninguno,4,4,Sí,Ahorrar,Cuenta de ahorro,Sí
CLI070,Persona Física,46,Masculino,Casado,3,Universidad,Ciudad de México,Urbana,Empleado,Alimentos,13,57265,No aplica,35080,22185,3,2,Sí,Sí,No,No,No,No,No,51194,18436,42733,No,0,597,Regular,0,0,0,0,No,18436,43.1,0,No,No,Medio,14,22771,43.1,0,Alto,Moderado,Medio,Sí,15,7,3,1,2,App móvil,Medio,0,Ninguno,7,6,No,Emprender,Ninguno,Sí
CLI071,Persona Física,26,Otro/Prefiere no decir,Casado,0,Universidad,Sonora,Suburbana,Independiente,Manufactura,2,6956,No aplica,3919,3037,8,2,Sí,Sí,No,No,No,No,No,3384,1863,3671,Sí,1,710,Buena,2,2,1,60,No,9522,50.7,2,No,No,Bajo,22,1182,50.7,0,Alto,Moderado,Medio,Sí,11,9,7,3,0,App móvil,Alto,5,Aclaraciones,5,5,Sí,Emprender,Hipoteca,No
CLI072,Persona Física,31,Masculino,Divorciado,1,Posgrado,Querétaro,Suburbana,Empresario,Manufactura,3,154439,No aplica,128007,26432,4,3,Sí,Sí,No,No,No,No,Sí,56983,104111,133527,No,0,541,Baja,0,0,0,0,No,104111,78.0,1,No,No,Alto,19,81583,78.0,2,Medio,Dinámico,Alto,Sí,13,7,2,4,2,App móvil,Medio,4,Créditos,5,6,No,Pagar deudas,Cuenta de ahorro,No
CLI073,Persona Física,40,Masculino,Unión libre,1,Posgrado,Veracruz,Urbana,Independiente,Educación,2,42855,No aplica,24719,18136,15,3,Sí,Sí,Sí,No,No,No,No,20744,45220,69608,Sí,15,760,Excelente,1,3,0,0,No,60291,65.0,0,No,No,Bajo,14,20259,65.0,0,Alto,Moderado,Medio,Sí,14,5,2,2,1,Web,Alto,0,Ninguno,6,4,Sí,Comprar vivienda,Hipoteca,No
CLI074,Persona Física,51,Masculino,Soltero,0,Universidad,Morelos,Urbana,Desempleado,Salud,0,411,No aplica,301,110,1,1,Sí,No,No,No,No,No,No,427,0,0,No,0,467,Baja,0,0,0,0,No,0,0.0,1,No,No,Medio,23,0,0.0,0,Alto,Conservador,Bajo,Sí,15,6,5,0,1,Web,Medio,2,Créditos,5,6,Sí,Comprar automóvil,Inversión,No
CLI075,Persona Física,18,Masculino,Casado,1,Preparatoria,Michoacán,Urbana,Empleado,Tecnología,1,27775,No aplica,17334,10441,1,2,Sí,Sí,No,No,No,No,No,6282,17914,27130,No,0,516,Baja,0,0,0,0,No,17914,66.0,1,No,No,Medio,22,14108,66.0,0,Alto,Dinámico,Medio,Sí,12,0,7,2,0,App móvil,Medio,0,Ninguno,9,9,No,Comprar automóvil,Seguro,No
CLI076,Persona Moral,No aplica,No aplica,No aplica,No aplica,No aplica,Chihuahua,Suburbana,Empresario,Manufactura,6,No aplica,218368,163604,54764,6,2,Sí,No,No,No,No,Sí,No,77508,0,0,Sí,4,638,Regular,1,0,3,15,No,21891,0.0,1,No,No,Medio,50,0,0.0,0,Alto,Conservador,Bajo,No,0,0,0,3,0,Sucursal,Alto,1,Aclaraciones,7,6,No,Expandir negocio,Seguro,No
CLI077,Persona Física,29,Masculino,Casado,2,Universidad,Chiapas,Suburbana,Empleado,Gobierno,8,17154,No aplica,10295,6859,6,2,Sí,Sí,No,No,No,No,No,11536,3632,11837,Sí,5,695,Buena,0,0,1,60,No,3632,30.7,3,No,No,Bajo,16,7941,30.7,1,Alto,Conservador,Bajo,Sí,11,6,3,3,0,App móvil,Medio,1,Aclaraciones,7,6,Sí,Comprar vivienda,Inversión,Sí
CLI078,Persona Física,44,Femenino,Viudo,1,Universidad,Yucatán,Suburbana,Independiente,Salud,4,22063,No aplica,17976,4087,6,2,Sí,Sí,No,No,No,No,No,2202,14246,39405,Sí,13,766,Excelente,0,5,2,60,No,14246,36.2,3,No,No,Bajo,21,12151,36.2,0,Medio,Dinámico,Medio,Sí,9,3,9,1,2,Sucursal,Alto,1,Créditos,9,10,No,Crear fondo de emergencia,Tarjeta de crédito,No
CLI079,Persona Moral,No aplica,No aplica,No aplica,No aplica,No aplica,Estado de México,Urbana,Empresario,Logística,1,No aplica,427485,270617,156868,1,3,Sí,Sí,No,No,No,Sí,No,830918,20006,202617,Sí,15,766,Excelente,2,1,2,30,No,86948,9.9,2,No,No,Bajo,40,70795,9.9,1,Alto,Conservador,Bajo,Sí,7,7,3,3,0,App móvil,Medio,1,Acceso a cuenta,7,7,No,Invertir,Crédito empresarial,Sí
CLI080,Persona Física,64,Femenino,Soltero,0,Preparatoria,Nuevo León,Suburbana,Jubilado,Manufactura,3,8210,No aplica,6527,1683,11,1,No,Sí,No,No,No,No,No,4502,3745,7794,Sí,3,699,Buena,2,0,1,30,No,14933,48.0,1,No,No,Bajo,13,4715,48.0,0,Medio,Moderado,Medio,No,0,1,2,7,3,Web,Medio,1,Aclaraciones,8,9,No,Comprar automóvil,Seguro,No
CLI081,Persona Física,43,Femenino,Casado,2,Universidad,Estado de México,Urbana,Empleado,Manufactura,3,19908,No aplica,18236,1672,1,1,Sí,No,No,No,No,No,No,6999,0,0,Sí,5,767,Excelente,0,1,0,0,No,0,0.0,1,No,No,Medio,17,0,0.0,0,Medio,Dinámico,Bajo,Sí,13,5,5,1,0,App móvil,Medio,1,Aclaraciones,6,6,No,Ahorrar,Crédito personal,Sí
CLI082,Persona Moral,No aplica,No aplica,No aplica,No aplica,No aplica,Estado de México,Urbana,Empresario,Construcción,5,No aplica,411628,258058,153570,2,2,Sí,No,No,Sí,No,No,No,185174,0,0,Sí,2,725,Buena,2,0,0,0,No,70262,0.0,0,No,No,Medio,38,0,0.0,0,Alto,Conservador,Bajo,Sí,11,2,2,3,0,Cajero,Alto,1,Tarjeta,6,6,No,Invertir,Inversión,Sí
CLI083,Persona Física,51,Femenino,Casado,1,Preparatoria,Puebla,Rural,Empleado,Alimentos,3,22384,No aplica,14319,8065,1,1,Sí,No,No,No,No,No,No,11993,0,0,No,0,481,Baja,0,0,0,0,No,0,0.0,2,No,No,Medio,14,0,0.0,0,Alto,Conservador,Bajo,No,0,1,0,2,3,Sucursal,Medio,0,Ninguno,6,5,Sí,Viajar,Crédito personal,No
CLI084,Persona Física,21,Masculino,Unión libre,2,Secundaria,Michoacán,Urbana,Empleado,Manufactura,0,33569,No aplica,21060,12509,3,2,Sí,No,No,No,No,No,Sí,6209,0,0,No,0,520,Baja,0,0,0,0,No,0,0.0,0,No,No,Medio,20,0,0.0,0,Alto,Moderado,Bajo,Sí,19,5,9,2,0,App móvil,Medio,2,Transferencias,5,5,Sí,Ahorrar,Ninguno,Sí
CLI085,Persona Física,46,Femenino,Casado,3,Universidad,Quintana Roo,Suburbana,Empresario,Servicios,10,55337,No aplica,36036,19301,8,2,Sí,No,Sí,No,No,No,No,11404,0,0,Sí,2,751,Excelente,3,1,0,0,No,34116,0.0,3,No,No,Bajo,14,0,0.0,1,Alto,Conservador,Bajo,Sí,4,4,4,0,0,App móvil,Medio,0,Ninguno,6,5,No,Crear fondo de emergencia,Hipoteca,Sí
CLI086,Persona Física,67,Masculino,Divorciado,0,Universidad,Sinaloa,Rural,Independiente,Servicios,1,47953,No aplica,44889,3064,0,3,Sí,Sí,No,No,No,No,Sí,6464,9090,72316,Sí,5,740,Buena,0,1,1,30,No,9090,12.6,2,No,No,Bajo,20,48470,12.6,0,Bajo,Moderado,Bajo,Sí,2,3,4,0,0,Cajero,Medio,3,Aclaraciones,9,8,No,Pagar deudas,Ninguno,No
CLI087,Persona Moral,No aplica,No aplica,No aplica,No aplica,No aplica,Zacatecas,Suburbana,Empresario,Construcción,13,No aplica,97938,66738,31200,0,2,Sí,No,No,No,No,Sí,No,106557,0,0,Sí,5,664,Buena,0,1,3,120,No,0,0.0,2,No,No,Medio,41,0,0.0,1,Alto,Moderado,Bajo,Sí,13,5,3,4,1,Cajero,Medio,0,Ninguno,6,5,Sí,Capital de trabajo,Inversión,Sí
CLI088,Persona Física,18,Femenino,Soltero,1,Universidad,Puebla,Urbana,Empleado,Alimentos,1,21942,No aplica,17207,4735,1,3,Sí,No,Sí,No,No,No,Sí,3678,0,0,No,0,607,Regular,0,0,0,0,No,0,0.0,0,No,No,Medio,22,0,0.0,0,Medio,Moderado,Bajo,Sí,17,10,3,1,1,App móvil,Medio,1,Tarjeta,10,10,No,Comprar automóvil,Tarjeta de crédito,No
CLI089,Persona Física,32,Masculino,Casado,1,Universidad,Sinaloa,Urbana,Empleado,Gobierno,14,17386,No aplica,13627,3759,14,2,Sí,No,Sí,No,No,No,No,4869,0,0,Sí,3,586,Regular,1,2,1,30,Sí,17329,0.0,2,No,Sí,Medio,17,0,0.0,2,Medio,Moderado,Bajo,Sí,9,6,2,3,0,Web,Medio,2,Aclaraciones,8,9,Sí,Viajar,Seguro,No
CLI090,Persona Física,42,Otro/Prefiere no decir,Viudo,0,Posgrado,Chiapas,Rural,Empleado,Alimentos,2,27806,No aplica,20106,7700,4,3,Sí,Sí,Sí,No,No,No,No,9628,22488,50836,Sí,10,798,Excelente,3,2,0,0,No,135377,44.2,3,No,No,Bajo,18,34202,44.2,0,Alto,Dinámico,Alto,Sí,15,4,5,3,1,Web,Alto,3,Transferencias,7,7,Sí,Invertir,Cuenta de ahorro,No
CLI091,Persona Moral,No aplica,No aplica,No aplica,No aplica,No aplica,Yucatán,Suburbana,Empresario,Logística,7,No aplica,61178,48955,12223,3,2,Sí,No,No,Sí,No,No,No,33718,0,0,Sí,2,653,Buena,2,0,0,0,No,19649,0.0,1,Sí,No,Medio,38,0,0.0,0,Medio,Dinámico,Bajo,Sí,10,4,2,3,0,Sucursal,Bajo,0,Ninguno,7,7,No,Invertir,Crédito empresarial,No
CLI092,Persona Física,21,Femenino,Soltero,1,Posgrado,Quintana Roo,Rural,Estudiante,Alimentos,0,12108,No aplica,10738,1370,1,3,Sí,Sí,No,No,No,No,Sí,1201,16525,17560,Sí,3,689,Buena,1,0,3,60,No,31933,94.1,0,No,No,Medio,19,5679,94.1,0,Medio,Dinámico,Alto,Sí,11,7,7,2,1,App móvil,Alto,2,Tarjeta,6,7,Sí,Comprar automóvil,Inversión,No
CLI093,Persona Física,47,Masculino,Soltero,1,Universidad,Oaxaca,Urbana,Independiente,Servicios,7,21173,No aplica,16291,4882,2,2,Sí,Sí,No,No,No,No,No,3309,7867,31408,No,0,560,Regular,0,0,0,0,No,7867,25.0,0,No,No,Medio,14,16271,25.0,0,Medio,Conservador,Bajo,Sí,10,6,1,2,0,Sucursal,Medio,3,Tarjeta,6,9,No,Comprar automóvil,Tarjeta de crédito,Sí
CLI094,Persona Física,34,Femenino,Soltero,0,Preparatoria,Baja California,Urbana,Empleado,Construcción,5,13280,No aplica,10032,3248,1,3,Sí,Sí,Sí,No,No,No,No,4878,11043,15635,No,0,586,Regular,0,0,0,0,No,11043,70.6,0,No,No,Medio,18,4033,70.6,0,Medio,Dinámico,Medio,Sí,17,9,4,1,0,App móvil,Medio,0,Ninguno,7,5,No,Comprar automóvil,Hipoteca,Sí
CLI095,Persona Física,41,Masculino,Unión libre,1,Posgrado,Durango,Urbana,Empleado,Construcción,10,49226,No aplica,45440,3786,0,0,No,No,No,No,No,No,No,29362,0,0,No,0,556,Regular,0,0,0,0,No,0,0.0,0,No,No,Medio,15,0,0.0,0,Bajo,Conservador,Bajo,No,0,0,1,1,3,Sucursal,Medio,2,Transferencias,8,6,No,Invertir,Inversión,No
CLI096,Persona Física,34,Femenino,Divorciado,3,Universidad,Durango,Urbana,Empleado,Salud,9,32965,No aplica,30863,2102,2,2,Sí,No,No,No,Sí,No,No,28190,0,0,Sí,2,716,Buena,0,0,2,90,No,0,0.0,1,No,No,Bajo,15,0,0.0,1,Bajo,Moderado,Bajo,Sí,11,6,2,3,3,App móvil,Medio,3,Acceso a cuenta,8,10,No,Comprar vivienda,Tarjeta de crédito,No
CLI097,Persona Física,40,Masculino,Casado,1,Universidad,Aguascalientes,Suburbana,Independiente,Gobierno,2,31755,No aplica,19209,12546,12,3,No,Sí,No,Sí,Sí,No,No,14998,15052,87679,Sí,8,650,Buena,1,3,2,15,No,24278,17.2,2,No,No,Medio,19,47891,17.2,0,Alto,Conservador,Bajo,Sí,13,10,2,3,0,Web,Alto,1,App,6,8,No,Pagar deudas,Inversión,No
CLI098,Persona Física,46,Femenino,Soltero,0,Preparatoria,Jalisco,Urbana,Empleado,Educación,3,18392,No aplica,12647,5745,3,4,Sí,Sí,Sí,No,No,No,Sí,15211,18455,22579,Sí,5,694,Buena,2,2,1,15,No,62407,81.7,2,Sí,No,Medio,17,7671,81.7,0,Alto,Moderado,Alto,No,0,0,1,0,3,Cajero,Medio,0,Ninguno,7,7,No,Crear fondo de emergencia,Cuenta de ahorro,Sí
CLI099,Persona Moral,No aplica,No aplica,No aplica,No aplica,No aplica,San Luis Potosí,Urbana,Empresario,Gobierno,22,No aplica,195393,144155,51238,1,2,Sí,Sí,No,No,No,No,No,12595,105027,293564,No,0,618,Regular,0,0,0,0,No,105027,35.8,0,No,No,Medio,40,183864,35.8,0,Alto,Moderado,Medio,Sí,13,8,2,1,1,App móvil,Medio,1,Tarjeta,6,5,No,Expandir negocio,Cuenta de ahorro,Sí
CLI100,Persona Física,29,Masculino,Casado,0,Preparatoria,Oaxaca,Urbana,Empresario,Logística,0,34242,No aplica,22823,11419,2,2,No,Sí,No,No,Sí,No,No,4361,44680,80275,Sí,11,718,Buena,0,2,1,60,No,44680,55.7,1,No,No,Bajo,25,48300,55.7,0,Alto,Moderado,Medio,Sí,19,6,3,3,0,App móvil,Alto,1,Transferencias,5,3,No,Comprar automóvil,Cuenta de ahorro,No
CLI101,Persona Física,35,Masculino,Soltero,0,Universidad,Hidalgo,Urbana,Independiente,Comercio,3,22987,No aplica,21357,1630,1,3,Sí,No,Sí,No,No,No,Sí,6141,0,0,Sí,17,601,Regular,0,7,4,60,No,0,0.0,2,Sí,Sí,Alto,16,0,0.0,0,Bajo,Moderado,Bajo,Sí,10,8,4,1,0,Sucursal,Alto,2,Créditos,4,4,No,Comprar vivienda,Cuenta de ahorro,Sí
CLI102,Persona Física,25,Masculino,Soltero,0,Preparatoria,Tabasco,Urbana,Empresario,Alimentos,7,28932,No aplica,17783,11149,7,2,Sí,No,No,Sí,No,No,No,18085,0,0,No,0,528,Baja,0,0,0,0,No,0,0.0,0,No,No,Medio,18,0,0.0,0,Alto,Conservador,Bajo,Sí,20,8,7,1,1,App móvil,Medio,2,Acceso a cuenta,8,8,No,Comprar vivienda,Seguro,No
CLI103,Persona Física,57,Femenino,Soltero,2,Preparatoria,Tabasco,Urbana,Empresario,Tecnología,10,21307,No aplica,18920,2387,2,1,Sí,No,No,No,No,No,No,7095,0,0,Sí,7,690,Buena,0,1,1,15,No,0,0.0,2,No,No,Bajo,18,0,0.0,1,Medio,Conservador,Bajo,Sí,10,2,4,4,0,App móvil,Medio,1,Tarjeta,8,7,No,Crear fondo de emergencia,Seguro,Sí
CLI104,Persona Física,18,Femenino,Casado,2,Universidad,Chiapas,Urbana,Estudiante,Gobierno,0,8696,No aplica,5089,3607,1,1,Sí,No,No,No,No,No,No,10668,0,0,No,0,512,Baja,0,0,0,0,No,0,0.0,1,No,No,Medio,20,0,0.0,0,Alto,Moderado,Bajo,Sí,16,9,5,5,0,Web,Alto,2,Acceso a cuenta,6,10,No,Viajar,Inversión,No
CLI105,Persona Física,24,Femenino,Casado,1,Universidad,Morelos,Suburbana,Independiente,Servicios,1,17745,No aplica,10362,7383,2,2,Sí,No,No,No,No,No,Sí,9792,0,0,No,0,578,Regular,0,0,0,0,No,0,0.0,1,No,No,Alto,25,0,0.0,0,Alto,Conservador,Bajo,Sí,17,4,6,1,0,Cajero,Medio,2,Tarjeta,3,3,No,Invertir,Inversión,Sí
CLI106,Persona Física,20,Femenino,Soltero,1,Universidad,Chihuahua,Urbana,Estudiante,Manufactura,0,5768,No aplica,3447,2321,0,2,Sí,No,No,Sí,No,No,No,5443,0,0,No,0,551,Regular,0,0,0,0,No,0,0.0,0,No,No,Medio,17,0,0.0,0,Alto,Moderado,Bajo,Sí,13,8,6,1,0,Atención telefónica,Medio,3,Créditos,8,8,No,Pagar deudas,Tarjeta de crédito,No
CLI107,Persona Moral,No aplica,No aplica,No aplica,No aplica,No aplica,Baja California,Urbana,Empresario,Comercio,8,No aplica,95367,57709,37658,8,1,Sí,No,No,No,No,No,No,36068,0,0,Sí,3,633,Regular,2,0,1,15,No,15715,0.0,4,Sí,Sí,Medio,45,0,0.0,0,Alto,Conservador,Bajo,Sí,7,3,2,1,0,App móvil,Medio,0,Ninguno,8,8,Sí,Pagar deudas,Inversión,Sí
CLI108,Persona Física,61,Femenino,Soltero,1,Preparatoria,Veracruz,Urbana,Empresario,Comercio,0,65296,No aplica,59033,6263,0,2,Sí,No,No,No,No,No,Sí,20075,0,0,No,0,552,Regular,0,0,0,0,No,0,0.0,0,No,No,Medio,26,0,0.0,1,Medio,Moderado,Bajo,Sí,11,6,5,2,1,App móvil,Medio,1,Aclaraciones,8,8,No,Emprender,Ninguno,Sí
CLI109,Persona Física,36,Masculino,Casado,1,Preparatoria,Estado de México,Urbana,Empleado,Comercio,3,13308,No aplica,10424,2884,9,2,Sí,No,Sí,No,No,No,No,4386,0,0,Sí,2,528,Baja,1,1,4,90,Sí,18567,0.0,0,No,Sí,Alto,25,0,0.0,5,Medio,Moderado,Medio,Sí,7,5,4,1,1,App móvil,Medio,1,Créditos,5,6,No,Invertir,Inversión,No
CLI110,Persona Física,30,Femenino,Casado,1,Posgrado,Veracruz,Urbana,Desempleado,Servicios,0,1063,No aplica,726,337,11,1,Sí,No,No,No,No,No,No,381,0,0,No,0,558,Regular,0,0,0,0,No,0,0.0,1,No,No,Alto,9,0,0.0,0,Alto,Moderado,Bajo,Sí,11,1,5,1,2,App móvil,Alto,4,Transferencias,6,4,Sí,Viajar,Cuenta de ahorro,Sí
CLI111,Persona Moral,No aplica,No aplica,No aplica,No aplica,No aplica,Durango,Urbana,Empresario,Gobierno,22,No aplica,271567,202291,69276,1,3,Sí,Sí,No,No,No,No,Sí,156501,42453,136468,Sí,3,659,Buena,1,0,2,120,No,80407,31.1,2,No,Sí,Medio,41,20934,31.1,2,Alto,Conservador,Bajo,Sí,10,6,4,2,0,Sucursal,Alto,3,Aclaraciones,8,7,No,Pagar deudas,Inversión,Sí
CLI112,Persona Física,34,Masculino,Casado,1,Secundaria,Jalisco,Rural,Independiente,Comercio,9,8122,No aplica,6040,2082,6,1,Sí,No,No,No,No,No,No,684,0,0,Sí,9,769,Excelente,0,2,0,0,No,0,0.0,4,No,No,Bajo,19,0,0.0,0,Alto,Moderado,Bajo,Sí,15,7,7,1,0,Cajero,Medio,1,Transferencias,6,4,No,Pagar deudas,Cuenta de ahorro,Sí
CLI113,Persona Física,26,Femenino,Casado,2,Universidad,Durango,Rural,Empleado,Alimentos,4,16813,No aplica,13124,3689,8,3,Sí,Sí,No,No,No,No,Sí,11534,6658,11656,Sí,7,582,Regular,0,2,2,15,Sí,6658,57.1,1,No,Sí,Medio,14,4384,57.1,3,Medio,Moderado,Medio,Sí,18,7,3,0,0,App móvil,Bajo,1,Transferencias,4,3,No,Viajar,Crédito personal,Sí
CLI114,Persona Física,55,Masculino,Divorciado,1,Universidad,Querétaro,Rural,Empleado,Manufactura,4,35922,No aplica,33944,1978,1,2,Sí,No,No,No,Sí,No,No,31774,0,0,Sí,6,578,Regular,2,1,2,30,Sí,19450,0.0,4,No,No,Medio,16,0,0.0,3,Bajo,Conservador,Bajo,Sí,12,8,1,1,0,App móvil,Alto,0,Ninguno,7,6,No,Emprender,Ninguno,No
CLI115,Persona Física,42,Femenino,Soltero,2,Secundaria,Zacatecas,Rural,Empleado,Educación,1,4682,No aplica,2774,1908,4,2,Sí,No,No,Sí,No,No,No,8823,0,0,Sí,11,721,Buena,0,1,2,15,No,0,0.0,1,No,No,Bajo,21,0,0.0,0,Alto,Conservador,Bajo,No,0,0,1,4,5,App móvil,Alto,3,Tarjeta,6,6,Sí,Invertir,Ninguno,No
CLI116,Persona Física,52,Masculino,Divorciado,0,Universidad,Durango,Rural,Empleado,Gobierno,3,29542,No aplica,21676,7866,0,1,Sí,No,No,No,No,No,No,21905,0,0,Sí,4,717,Buena,0,1,2,60,No,0,0.0,3,No,No,Bajo,16,0,0.0,0,Alto,Conservador,Bajo,Sí,10,4,4,0,3,App móvil,Alto,2,Acceso a cuenta,8,7,No,Comprar automóvil,Inversión,Sí
CLI117,Persona Moral,No aplica,No aplica,No aplica,No aplica,No aplica,Querétaro,Urbana,Empresario,Servicios,12,No aplica,299501,235521,63980,1,3,No,Sí,No,No,No,Sí,Sí,74345,164937,302111,Sí,1,596,Regular,0,0,2,60,Sí,164937,54.6,2,No,No,Medio,34,66271,54.6,4,Medio,Dinámico,Medio,Sí,7,6,6,1,1,App móvil,Medio,0,Ninguno,9,10,No,Ahorrar,Crédito empresarial,No
CLI118,Persona Moral,No aplica,No aplica,No aplica,No aplica,No aplica,Baja California,Suburbana,Empresario,Comercio,3,No aplica,264899,171166,93733,3,3,Sí,Sí,No,No,No,No,Sí,197209,192193,357860,Sí,2,724,Buena,0,1,1,15,No,192193,53.7,2,No,No,Medio,30,232194,53.7,0,Alto,Dinámico,Medio,Sí,19,5,1,2,0,Cajero,Medio,1,Aclaraciones,4,6,No,Ahorrar,Cuenta de ahorro,Sí
CLI119,Persona Física,22,Masculino,Casado,2,Preparatoria,Jalisco,Urbana,Estudiante,Servicios,0,5029,No aplica,3301,1728,0,2,Sí,No,Sí,No,No,No,No,4028,0,0,No,0,556,Regular,0,0,0,0,No,0,0.0,0,No,No,Alto,13,0,0.0,0,Alto,Conservador,Bajo,Sí,17,8,7,2,1,App móvil,Medio,1,Tarjeta,7,5,No,Comprar automóvil,Tarjeta de crédito,No
CLI120,Persona Física,44,Masculino,Casado,0,Universidad,Hidalgo,Urbana,Empleado,Salud,6,19354,No aplica,13781,5573,4,1,Sí,No,No,No,No,No,No,5856,0,0,Sí,10,633,Regular,2,4,3,60,No,26107,0.0,1,No,Sí,Alto,16,0,0.0,0,Alto,Dinámico,Medio,Sí,11,4,5,2,0,App móvil,Alto,1,Tarjeta,6,3,Sí,Invertir,Tarjeta de crédito,No
CLI121,Persona Moral,No aplica,No aplica,No aplica,No aplica,No aplica,Tabasco,Urbana,Empresario,Construcción,45,No aplica,1178696,870185,308511,6,2,Sí,No,No,No,No,No,Sí,397597,0,0,Sí,6,706,Buena,2,0,1,90,No,60466,0.0,0,No,No,Bajo,40,0,0.0,2,Alto,Moderado,Bajo,Sí,9,1,0,2,0,Cajero,Alto,2,Tarjeta,5,4,No,Capital de trabajo,Inversión,Sí
CLI122,Persona Física,51,Femenino,Viudo,1,Secundaria,Sonora,Suburbana,Independiente,Alimentos,1,25678,No aplica,22647,3031,2,2,Sí,No,Sí,No,No,No,No,3296,0,0,Sí,2,705,Buena,1,1,2,15,No,24690,0.0,3,Sí,No,Bajo,14,0,0.0,0,Medio,Moderado,Bajo,Sí,16,6,4,3,0,Sucursal,Medio,0,Ninguno,6,7,Sí,Comprar automóvil,Ninguno,No
CLI123,Persona Física,18,Masculino,Soltero,0,Secundaria,Sonora,Urbana,Estudiante,Logística,0,6567,No aplica,4070,2497,1,1,Sí,No,No,No,No,No,No,4665,0,0,Sí,1,606,Regular,0,0,3,120,No,0,0.0,4,No,No,Medio,17,0,0.0,0,Alto,Moderado,Bajo,Sí,13,3,3,1,0,App móvil,Bajo,2,Aclaraciones,6,7,No,Crear fondo de emergencia,Crédito personal,No
CLI124,Persona Física,39,Femenino,Soltero,2,Preparatoria,Guanajuato,Urbana,Empleado,Alimentos,17,39267,No aplica,34563,4704,6,2,Sí,No,No,Sí,No,No,No,22724,0,0,No,0,538,Baja,0,0,0,0,No,0,0.0,1,No,No,Medio,13,0,0.0,0,Medio,Conservador,Bajo,Sí,14,3,4,2,0,Sucursal,Alto,2,Aclaraciones,5,5,Sí,Crear fondo de emergencia,Crédito personal,No
CLI125,Persona Física,25,Femenino,Casado,2,Preparatoria,Jalisco,Suburbana,Empleado,Educación,7,22849,No aplica,17304,5545,0,4,Sí,Sí,No,Sí,Sí,No,No,2820,7099,46983,No,0,624,Regular,0,0,0,0,No,7099,15.1,3,No,No,Medio,23,9391,15.1,0,Medio,Dinámico,Bajo,Sí,19,7,5,1,1,App móvil,Alto,0,Ninguno,10,10,No,Comprar vivienda,Ninguno,No
CLI126,Persona Física,40,Femenino,Soltero,1,Secundaria,Chiapas,Suburbana,Empresario,Salud,18,6281,No aplica,5585,696,3,3,Sí,Sí,Sí,No,No,No,No,4321,1260,4394,Sí,10,608,Regular,1,4,1,15,No,5560,28.7,0,No,No,Medio,18,1520,28.7,0,Medio,Dinámico,Bajo,Sí,21,5,1,2,0,App móvil,Medio,1,Aclaraciones,6,6,No,Ahorrar,Tarjeta de crédito,Sí
CLI127,Persona Física,35,Femenino,Unión libre,1,Universidad,Coahuila,Urbana,Independiente,Salud,14,43775,No aplica,26293,17482,1,3,Sí,Sí,No,No,Sí,No,No,8186,40526,58592,Sí,2,675,Buena,2,1,2,30,No,102492,69.2,3,No,No,Bajo,10,12086,69.2,0,Alto,Conservador,Medio,Sí,19,6,6,0,0,App móvil,Alto,0,Ninguno,6,7,No,Pagar deudas,Ninguno,No
CLI128,Persona Física,53,Masculino,Casado,0,Preparatoria,Michoacán,Rural,Empleado,Gobierno,11,14215,No aplica,9233,4982,2,1,Sí,No,No,No,No,No,No,2700,0,0,Sí,2,670,Buena,1,0,1,15,No,33948,0.0,0,No,No,Bajo,18,0,0.0,0,Alto,Moderado,Medio,No,0,0,0,2,1,Cajero,Alto,2,Créditos,7,8,No,Viajar,Cuenta de ahorro,No
CLI129,Persona Física,59,Masculino,Soltero,2,Preparatoria,Michoacán,Urbana,Empresario,Manufactura,1,43454,No aplica,27537,15917,0,2,Sí,No,No,No,No,No,Sí,10939,0,0,No,0,569,Regular,0,0,0,0,No,0,0.0,1,No,No,Alto,15,0,0.0,0,Alto,Conservador,Bajo,No,0,0,1,4,2,App móvil,Bajo,3,Transferencias,6,6,No,Viajar,Crédito personal,No
CLI130,Persona Física,28,Femenino,Soltero,0,Universidad,Morelos,Urbana,Empresario,Tecnología,10,27233,No aplica,21280,5953,10,3,Sí,Sí,Sí,No,No,No,No,28923,6472,17137,Sí,3,681,Buena,3,1,2,30,No,34783,37.8,2,No,No,Bajo,19,8824,37.8,1,Medio,Conservador,Medio,Sí,18,6,6,4,1,Web,Medio,2,App,6,5,No,Comprar vivienda,Ninguno,Sí
CLI131,Persona Física,38,Femenino,Soltero,2,Universidad,Oaxaca,Rural,Empleado,Construcción,1,26309,No aplica,22094,4215,1,4,Sí,Sí,Sí,No,No,No,Sí,7647,81839,84907,No,0,538,Baja,0,0,0,0,No,81839,96.4,0,No,No,Alto,18,25318,96.4,0,Medio,Dinámico,Alto,Sí,19,4,2,0,1,Web,Medio,1,Créditos,3,4,Sí,Pagar deudas,Hipoteca,Sí
CLI132,Persona Física,80,Femenino,Unión libre,0,Preparatoria,Michoacán,Suburbana,Jubilado,Construcción,8,9196,No aplica,5756,3440,2,1,Sí,No,No,No,No,No,No,1543,0,0,No,0,527,Baja,0,0,0,0,No,0,0.0,1,No,No,Medio,10,0,0.0,1,Alto,Conservador,Bajo,No,0,1,1,7,1,Cajero,Bajo,1,Transferencias,4,5,No,Comprar vivienda,Hipoteca,No
CLI133,Persona Física,40,Femenino,Viudo,2,Secundaria,Yucatán,Urbana,Empleado,Educación,16,8155,No aplica,7460,695,1,2,Sí,Sí,No,No,No,No,No,3613,7288,18906,No,0,647,Regular,0,0,0,0,No,7288,38.5,0,No,No,Medio,21,13136,38.5,0,Medio,Moderado,Medio,Sí,12,6,5,2,0,App móvil,Alto,1,Tarjeta,8,8,No,Comprar automóvil,Ninguno,No
CLI134,Persona Moral,No aplica,No aplica,No aplica,No aplica,No aplica,Oaxaca,Urbana,Empresario,Comercio,7,No aplica,344339,315510,28829,3,4,Sí,Sí,No,No,No,Sí,Sí,49327,102863,407412,Sí,16,801,Excelente,6,2,1,15,No,342163,25.2,2,No,No,Bajo,36,103964,25.2,0,Medio,Conservador,Bajo,Sí,9,6,3,6,0,Sucursal,Medio,1,Créditos,6,9,No,Expandir negocio,Ninguno,No
CLI135,Persona Moral,No aplica,No aplica,No aplica,No aplica,No aplica,Morelos,Urbana,Empresario,Manufactura,9,No aplica,545545,394295,151250,2,1,Sí,No,No,No,No,No,No,198711,0,0,Sí,7,760,Excelente,0,2,1,30,No,0,0.0,1,No,No,Bajo,39,0,0.0,0,Alto,Conservador,Bajo,Sí,13,7,4,1,1,App móvil,Alto,0,Ninguno,6,5,Sí,Invertir,Cuenta de ahorro,No
CLI136,Persona Física,55,Femenino,Casado,4,Preparatoria,Hidalgo,Urbana,Empleado,Servicios,0,26877,No aplica,24331,2546,2,3,Sí,Sí,No,No,No,No,Sí,3857,6567,17426,No,0,577,Regular,0,0,0,0,No,6567,37.7,2,No,No,Medio,16,8226,37.7,0,Medio,Dinámico,Medio,No,0,2,0,4,1,Atención telefónica,Alto,1,Aclaraciones,3,4,No,Ahorrar,Seguro,Sí
CLI137,Persona Física,62,Masculino,Casado,0,Secundaria,Chihuahua,Urbana,Independiente,Alimentos,0,4631,No aplica,4179,452,0,1,Sí,No,No,No,No,No,No,2461,0,0,No,0,569,Regular,0,0,0,0,No,0,0.0,0,No,No,Medio,21,0,0.0,0,Medio,Moderado,Bajo,Sí,7,4,6,0,0,App móvil,Alto,2,Acceso a cuenta,7,8,No,Emprender,Crédito personal,No
CLI138,Persona Física,44,Femenino,Soltero,0,Universidad,Zacatecas,Suburbana,Empleado,Tecnología,3,17494,No aplica,13132,4362,5,2,Sí,Sí,No,No,No,No,No,5376,5791,13525,Sí,4,753,Excelente,2,1,2,15,No,45076,42.8,1,No,No,Bajo,22,8684,42.8,0,Medio,Moderado,Medio,Sí,11,6,3,0,0,App móvil,Alto,1,Transferencias,8,10,No,Pagar deudas,Inversión,Sí
CLI139,Persona Física,29,Masculino,Casado,2,Universidad,Puebla,Urbana,Empresario,Construcción,8,71568,No aplica,46414,25154,0,2,Sí,No,No,Sí,No,No,No,16984,0,0,Sí,2,523,Baja,1,1,4,15,No,23108,0.0,1,No,Sí,Alto,22,0,0.0,0,Alto,Conservador,Bajo,Sí,17,9,6,3,0,Web,Medio,2,Transferencias,3,3,No,Viajar,Inversión,No
CLI140,Persona Física,57,Masculino,Soltero,1,Preparatoria,Michoacán,Urbana,Empleado,Servicios,2,16480,No aplica,10537,5943,11,3,Sí,No,Sí,Sí,No,No,No,18161,0,0,Sí,3,753,Excelente,2,0,0,0,No,41306,0.0,2,No,No,Medio,20,0,0.0,1,Alto,Moderado,Medio,Sí,4,6,2,2,1,App móvil,Bajo,0,Ninguno,7,7,No,Crear fondo de emergencia,Inversión,No
CLI141,Persona Física,53,Femenino,Casado,0,Preparatoria,Puebla,Urbana,Desempleado,Gobierno,0,1719,No aplica,1142,577,5,2,Sí,Sí,No,No,No,No,No,1359,1981,6649,Sí,1,647,Regular,1,0,0,0,No,7093,29.8,7,No,No,Bajo,14,2581,29.8,1,Alto,Dinámico,Alto,No,0,1,0,1,0,Cajero,Alto,2,Transferencias,6,7,Sí,Ahorrar,Tarjeta de crédito,No
CLI142,Persona Física,50,Masculino,Soltero,0,Universidad,Querétaro,Urbana,Empleado,Manufactura,4,30561,No aplica,19219,11342,1,2,Sí,No,No,No,No,No,Sí,7199,0,0,No,0,594,Regular,0,0,0,0,No,0,0.0,1,No,No,Medio,16,0,0.0,0,Alto,Conservador,Bajo,Sí,7,3,2,1,2,App móvil,Medio,1,Transferencias,7,8,No,Invertir,Ninguno,Sí
CLI143,Persona Moral,No aplica,No aplica,No aplica,No aplica,No aplica,Sinaloa,Rural,Empresario,Servicios,9,No aplica,203695,126904,76791,9,4,Sí,Sí,No,Sí,No,No,Sí,16484,134333,331463,No,0,572,Regular,0,0,0,0,No,134333,40.5,0,No,No,Medio,39,84558,40.5,1,Alto,Moderado,Medio,Sí,13,5,3,2,2,Web,Bajo,1,Créditos,7,6,No,Capital de trabajo,Crédito empresarial,No
CLI144,Persona Física,31,Masculino,Soltero,0,Preparatoria,Jalisco,Suburbana,Desempleado,Salud,0,2573,No aplica,1685,888,0,2,Sí,Sí,No,No,No,No,No,1913,2971,4672,No,0,574,Regular,0,0,0,0,No,2971,63.6,1,No,No,Alto,19,3101,63.6,0,Alto,Moderado,Medio,Sí,10,6,2,2,1,Cajero,Medio,4,Transferencias,3,5,Sí,Comprar automóvil,Hipoteca,No
CLI145,Persona Física,45,Masculino,Casado,0,Preparatoria,San Luis Potosí,Rural,Empleado,Tecnología,2,16565,No aplica,12071,4494,0,1,Sí,No,No,No,No,No,No,22571,0,0,No,0,638,Regular,0,0,0,0,No,0,0.0,1,No,No,Medio,18,0,0.0,1,Alto,Moderado,Bajo,Sí,9,6,6,0,0,Sucursal,Medio,3,App,7,6,Sí,Viajar,Cuenta de ahorro,Sí
CLI146,Persona Física,18,Masculino,Soltero,0,Preparatoria,Chiapas,Suburbana,Estudiante,Comercio,0,248,No aplica,230,18,1,1,Sí,No,No,No,No,No,No,920,0,0,Sí,1,655,Buena,0,0,2,60,No,0,0.0,0,No,No,Medio,22,0,0.0,0,Bajo,Conservador,Bajo,Sí,15,5,4,5,0,Cajero,Alto,0,Ninguno,7,7,No,Comprar vivienda,Inversión,No
CLI147,Persona Física,46,Femenino,Casado,1,Secundaria,Veracruz,Urbana,Empresario,Alimentos,5,14560,No aplica,10603,3957,7,2,Sí,No,Sí,No,No,No,No,3999,0,0,Sí,5,620,Regular,1,3,2,120,No,35495,0.0,1,No,No,Medio,26,0,0.0,0,Alto,Conservador,Medio,Sí,7,8,1,0,0,Web,Medio,1,Acceso a cuenta,5,5,No,Emprender,Tarjeta de crédito,No
CLI148,Persona Física,21,Otro/Prefiere no decir,Soltero,1,Secundaria,San Luis Potosí,Urbana,Estudiante,Manufactura,0,3785,No aplica,3199,586,2,3,Sí,Sí,Sí,No,No,No,No,1410,2040,5367,No,0,620,Regular,0,0,0,0,No,2040,38.0,0,No,No,Medio,20,1858,38.0,0,Medio,Conservador,Medio,Sí,19,3,4,1,0,Sucursal,Alto,2,Transferencias,7,5,No,Emprender,Hipoteca,No
CLI149,Persona Física,43,Femenino,Casado,2,Universidad,Hidalgo,Urbana,Empleado,Educación,5,18323,No aplica,16523,1800,2,2,Sí,Sí,No,No,No,No,No,3621,14324,24255,Sí,3,737,Buena,1,1,0,0,No,22229,59.1,1,No,No,Bajo,21,6560,59.1,0,Medio,Moderado,Medio,Sí,13,6,6,0,1,App móvil,Alto,0,Ninguno,8,8,Sí,Viajar,Crédito personal,No
CLI150,Persona Física,18,Masculino,Unión libre,2,Secundaria,Quintana Roo,Urbana,Empleado,Alimentos,1,17364,No aplica,14901,2463,1,1,Sí,No,No,No,No,No,No,6326,0,0,Sí,1,709,Buena,0,1,0,0,No,0,0.0,2,No,No,Bajo,18,0,0.0,0,Medio,Moderado,Bajo,Sí,19,7,5,1,0,Web,Medio,1,Aclaraciones,3,4,Sí,Comprar automóvil,Tarjeta de crédito,No
