cliente_id,mes,etiqueta,ingreso_mxn,gastos_mxn,ahorro_mxn,ahorro_acumulado_mxn,saldo_tarjeta_mxn,uso_limite_pct,score_crediticio,pagos_atrasados
CLI001,2026-01,Ene,26662,14452,12210,18461,0,0.0,559,0
CLI001,2026-02,Feb,28055,16686,11369,20909,0,0.0,566,0
CLI001,2026-03,Mar,26791,16152,10638,23199,0,0.0,571,0
CLI001,2026-04,Abr,27255,14748,12507,25892,0,0.0,574,0
CLI001,2026-05,May,27311,16163,11147,28292,0,0.0,576,0
CLI001,2026-06,Jun,28024,16135,11889,30852,0,0.0,582,0
CLI001,2026-07,Jul,27211,16791,10420,33095,0,0.0,586,0
CLI001,2026-08,Ago,27365,15686,11679,35610,0,0.0,591,0
CLI002,2026-01,Ene,140821,80627,60194,137049,0,0.0,756,0
CLI002,2026-02,Feb,142189,82802,59387,150860,0,0.0,755,0
CLI002,2026-03,Mar,142249,85190,57059,164129,0,0.0,753,0
CLI002,2026-04,Abr,136457,83438,53019,176459,0,0.0,739,1
CLI002,2026-05,May,140222,87463,52759,188728,0,0.0,739,0
CLI002,2026-06,Jun,141362,88979,52383,200910,0,0.0,738,0
CLI002,2026-07,Jul,137202,87359,49843,212501,0,0.0,737,0
CLI002,2026-08,Ago,138430,88464,49966,224121,0,0.0,736,0
CLI003,2026-01,Ene,10412,6069,4342,4875,0,0.0,697,0
CLI003,2026-02,Feb,10524,6634,3890,5442,0,0.0,696,0
CLI003,2026-03,Mar,10841,5793,5047,6178,0,0.0,695,0
CLI003,2026-04,Abr,10777,6067,4709,6865,0,0.0,686,0
CLI003,2026-05,May,10698,6295,4403,7507,0,0.0,666,2
CLI003,2026-06,Jun,10898,6542,4356,8143,0,0.0,658,0
CLI003,2026-07,Jul,10569,6435,4133,8745,0,0.0,655,0
CLI003,2026-08,Ago,10604,6101,4503,9402,0,0.0,651,0
CLI004,2026-01,Ene,206899,131582,75317,69579,0,0.0,521,0
CLI004,2026-02,Feb,212273,148490,63783,74610,0,0.0,523,0
CLI004,2026-03,Mar,212544,130812,81732,81058,0,0.0,530,0
CLI004,2026-04,Abr,203856,148412,55444,85432,0,0.0,535,0
CLI004,2026-05,May,206689,127896,78792,91648,0,0.0,542,0
CLI004,2026-06,Jun,208061,128262,79800,97943,0,0.0,547,0
CLI004,2026-07,Jul,208726,129569,79157,104188,0,0.0,548,0
CLI004,2026-08,Ago,207306,139117,68189,109567,0,0.0,553,0
CLI005,2026-01,Ene,31279,22164,9115,8386,0,0.0,513,0
CLI005,2026-02,Feb,31500,21522,9977,8947,0,0.0,519,0
CLI005,2026-03,Mar,30844,19977,10867,9557,0,0.0,520,0
CLI005,2026-04,Abr,30245,19660,10585,10152,0,0.0,522,0
CLI005,2026-05,May,29980,21076,8904,10652,0,0.0,524,0
CLI005,2026-06,Jun,30831,22125,8706,11141,0,0.0,529,0
CLI005,2026-07,Jul,29951,20093,9859,11694,0,0.0,533,0
CLI005,2026-08,Ago,30749,20857,9892,12250,0,0.0,540,0
CLI006,2026-01,Ene,7458,6316,1141,5547,0,0.0,627,0
CLI006,2026-02,Feb,7070,6274,796,5787,0,0.0,628,0
CLI006,2026-03,Mar,7112,6434,678,5992,0,0.0,618,1
CLI006,2026-04,Abr,7459,6394,1064,6313,0,0.0,615,0
CLI006,2026-05,May,7272,6458,814,6558,0,0.0,614,0
CLI006,2026-06,Jun,7450,7157,293,6646,0,0.0,617,0
CLI006,2026-07,Jul,7270,7018,252,6722,0,0.0,614,0
CLI006,2026-08,Ago,7259,6597,662,6922,0,0.0,612,0
CLI007,2026-01,Ene,593590,501718,91872,124755,0,0.0,762,0
CLI007,2026-02,Feb,591628,487804,103824,130598,0,0.0,764,0
CLI007,2026-03,Mar,582125,513673,68452,134451,0,0.0,766,0
CLI007,2026-04,Abr,601273,554153,47120,137103,0,0.0,763,0
CLI007,2026-05,May,587485,529816,57669,140348,0,0.0,761,0
CLI007,2026-06,Jun,573989,536075,37914,142482,0,0.0,747,1
CLI007,2026-07,Jul,589555,503101,86454,147347,0,0.0,747,0
CLI007,2026-08,Ago,588540,527956,60584,150757,0,0.0,747,0
CLI008,2026-01,Ene,19924,13570,6353,27293,0,0.0,760,0
CLI008,2026-02,Feb,19613,11809,7804,30632,0,0.0,759,0
CLI008,2026-03,Mar,20343,12246,8097,34097,0,0.0,751,1
CLI008,2026-04,Abr,20330,12870,7461,37289,0,0.0,751,0
CLI008,2026-05,May,20022,12201,7821,40636,0,0.0,751,0
CLI008,2026-06,Jun,20251,12447,7805,43976,0,0.0,752,0
CLI008,2026-07,Jul,20249,13815,6433,46728,0,0.0,753,0
CLI008,2026-08,Ago,20040,12752,7288,49847,0,0.0,749,0
CLI009,2026-01,Ene,27948,17758,10190,24016,5742,35.8,697,0
CLI009,2026-02,Feb,27604,17833,9772,25878,6032,37.6,702,0
CLI009,2026-03,Mar,28617,17780,10837,27943,6206,38.7,706,0
CLI009,2026-04,Abr,27437,16929,10507,29946,6465,40.3,712,0
CLI009,2026-05,May,27886,18128,9758,31805,6162,38.4,716,0
CLI009,2026-06,Jun,27934,16573,11361,33971,6374,39.7,717,0
CLI009,2026-07,Jul,27515,16879,10637,35998,6163,38.4,718,0
CLI009,2026-08,Ago,28007,17344,10663,38030,6081,37.9,723,0
CLI010,2026-01,Ene,24862,24165,697,10289,0,0.0,728,0
CLI010,2026-02,Feb,24413,23688,725,10336,0,0.0,731,0
CLI010,2026-03,Mar,25096,22056,3041,10531,0,0.0,734,0
CLI010,2026-04,Abr,24329,24043,286,10549,0,0.0,738,0
CLI010,2026-05,May,24301,23084,1217,10628,0,0.0,745,0
CLI010,2026-06,Jun,24148,23072,1076,10697,0,0.0,750,0
CLI010,2026-07,Jul,24389,20409,3980,10953,0,0.0,755,0
CLI010,2026-08,Ago,24461,22284,2177,11093,0,0.0,756,0
CLI011,2026-01,Ene,14701,8655,6046,3436,0,0.0,578,0
CLI011,2026-02,Feb,14477,8479,5998,3882,0,0.0,580,0
CLI011,2026-03,Mar,14329,8528,5801,4313,0,0.0,586,0
CLI011,2026-04,Abr,14645,9288,5357,4711,0,0.0,590,0
CLI011,2026-05,May,14896,8898,5998,5157,0,0.0,590,0
CLI011,2026-06,Jun,14678,8679,5998,5603,0,0.0,596,0
CLI011,2026-07,Jul,14544,8594,5950,6045,0,0.0,603,0
CLI011,2026-08,Ago,14673,8568,6105,6499,0,0.0,606,0
CLI012,2026-01,Ene,32139,17201,14938,6271,33709,76.2,577,0
CLI012,2026-02,Feb,31889,18680,13209,7047,34500,78.0,574,0
CLI012,2026-03,Mar,32799,18540,14259,7885,34665,78.4,577,0
CLI012,2026-04,Abr,33112,17423,15689,8807,37413,84.6,580,0
CLI012,2026-05,May,32171,17931,14240,9644,38122,86.2,580,0
CLI012,2026-06,Jun,32847,18159,14688,10507,39764,89.9,577,0
CLI012,2026-07,Jul,31893,20182,11711,11195,41935,94.9,578,0
CLI012,2026-08,Ago,32275,18703,13572,11993,41866,94.7,580,0
CLI013,2026-01,Ene,33238,30090,3148,36512,44520,81.6,835,0
CLI013,2026-02,Feb,33233,31168,2065,36961,42165,77.3,835,0
CLI013,2026-03,Mar,34221,32450,1771,37345,43481,79.7,837,0
CLI013,2026-04,Abr,33438,30267,3171,38033,44703,81.9,822,1
CLI013,2026-05,May,33307,31983,1323,38321,42399,77.7,825,0
CLI013,2026-06,Jun,33490,27744,5746,39568,44279,81.2,823,0
CLI013,2026-07,Jul,32967,27857,5110,40677,42954,78.7,821,0
CLI013,2026-08,Ago,33486,29999,3487,41434,43314,79.4,817,0
CLI014,2026-01,Ene,92812,62440,30372,113601,0,0.0,617,0
CLI014,2026-02,Feb,95857,68166,27692,123381,0,0.0,616,0
CLI014,2026-03,Mar,93112,62629,30483,134148,0,0.0,613,0
CLI014,2026-04,Abr,93000,69358,23642,142498,0,0.0,612,0
CLI014,2026-05,May,96167,67397,28770,152660,0,0.0,614,0
CLI014,2026-06,Jun,94596,70317,24279,161235,0,0.0,617,0
CLI014,2026-07,Jul,94941,64570,30370,171962,0,0.0,609,1
CLI014,2026-08,Ago,95428,67812,27616,181716,0,0.0,609,0
CLI015,2026-01,Ene,13585,8838,4747,729,0,0.0,705,0
CLI015,2026-02,Feb,13495,8157,5338,819,0,0.0,708,0
CLI015,2026-03,Mar,13827,8413,5414,910,0,0.0,709,0
CLI015,2026-04,Abr,14034,7464,6570,1020,0,0.0,698,1
CLI015,2026-05,May,13822,8791,5032,1105,0,0.0,696,0
CLI015,2026-06,Jun,14027,7696,6331,1211,0,0.0,697,0
CLI015,2026-07,Jul,14100,8540,5560,1305,0,0.0,697,0
CLI015,2026-08,Ago,13755,8154,5601,1399,0,0.0,700,0
CLI016,2026-01,Ene,19869,11591,8278,2171,7063,36.3,729,0
CLI016,2026-02,Feb,20424,11808,8616,2427,6995,36.0,735,0
CLI016,2026-03,Mar,19892,12820,7072,2637,7213,37.1,738,0
CLI016,2026-04,Abr,20591,13301,7290,2853,7641,39.3,738,0
CLI016,2026-05,May,19795,11210,8585,3107,7408,38.1,741,0
CLI016,2026-06,Jun,19473,11925,7548,3331,7440,38.2,746,0
CLI016,2026-07,Jul,20523,12678,7845,3564,7472,38.4,750,0
CLI016,2026-08,Ago,20008,12290,7718,3793,7530,38.7,755,0
CLI017,2026-01,Ene,83868,70853,13015,35076,36773,45.5,768,0
CLI017,2026-02,Feb,84639,79573,5066,35563,35845,44.3,772,0
CLI017,2026-03,Mar,87213,79164,8049,36337,35233,43.6,779,0
CLI017,2026-04,Abr,84918,70992,13926,37676,33322,41.2,781,0
CLI017,2026-05,May,85907,71052,14855,39104,31783,39.3,782,0
CLI017,2026-06,Jun,85564,69780,15783,40622,33260,41.1,788,0
CLI017,2026-07,Jul,84196,74559,9637,41548,34492,42.6,793,0
CLI017,2026-08,Ago,86172,74607,11565,42660,35435,43.8,796,0
CLI018,2026-01,Ene,37201,31179,6023,23539,3735,20.2,546,0
CLI018,2026-02,Feb,36125,29655,6471,24318,3857,20.9,553,0
CLI018,2026-03,Mar,36129,31830,4299,24836,3764,20.4,554,0
CLI018,2026-04,Abr,36877,26910,9967,26037,3728,20.2,560,0
CLI018,2026-05,May,37197,31478,5720,26727,3833,20.8,561,0
CLI018,2026-06,Jun,37061,28944,8117,27705,3621,19.6,565,0
CLI018,2026-07,Jul,36718,30892,5826,28407,3534,19.1,568,0
CLI018,2026-08,Ago,36500,29435,7065,29258,3562,19.3,571,0
CLI019,2026-01,Ene,19384,13059,6324,3892,6566,56.0,796,1
CLI019,2026-02,Feb,18605,12999,5606,4319,6706,57.2,799,0
CLI019,2026-03,Mar,18933,13092,5841,4764,6933,59.1,795,0
CLI019,2026-04,Abr,19634,13850,5784,5205,6738,57.5,794,0
CLI019,2026-05,May,18718,12807,5912,5655,6662,56.8,792,0
CLI019,2026-06,Jun,19052,13054,5998,6112,6452,55.0,791,0
CLI019,2026-07,Jul,19665,13010,6655,6619,6360,54.2,788,0
CLI019,2026-08,Ago,19163,14007,5156,7012,6146,52.4,788,0
CLI020,2026-01,Ene,13489,8782,4708,2470,0,0.0,728,0
CLI020,2026-02,Feb,13134,8924,4210,2690,0,0.0,728,0
CLI020,2026-03,Mar,13528,8888,4640,2934,0,0.0,727,0
CLI020,2026-04,Abr,13729,8367,5362,3215,0,0.0,728,0
CLI020,2026-05,May,13729,9462,4267,3438,0,0.0,724,0
CLI020,2026-06,Jun,13281,8996,4286,3663,0,0.0,726,0
CLI020,2026-07,Jul,13660,9500,4160,3881,0,0.0,723,0
CLI020,2026-08,Ago,13487,8729,4758,4130,0,0.0,711,1
CLI021,2026-01,Ene,305484,193252,112232,69199,160515,71.3,738,1
CLI021,2026-02,Feb,291015,182842,108174,77027,155675,69.2,737,0
CLI021,2026-03,Mar,296712,179525,117187,85507,157871,70.1,733,0
CLI021,2026-04,Abr,295747,166330,129417,94873,163442,72.6,730,0
CLI021,2026-05,May,292537,174411,118126,103421,169946,75.5,734,0
CLI021,2026-06,Jun,306909,195414,111495,111489,163745,72.8,734,0
CLI021,2026-07,Jul,291279,167462,123818,120449,159268,70.8,731,0
CLI021,2026-08,Ago,299808,181649,118159,129000,159790,71.0,729,0
CLI022,2026-01,Ene,311531,240809,70721,64834,262939,54.9,707,0
CLI022,2026-02,Feb,299296,234151,65145,67711,271070,56.6,709,0
CLI022,2026-03,Mar,311447,256817,54630,70124,285624,59.6,709,0
CLI022,2026-04,Abr,302629,233711,68918,73169,286063,59.7,697,1
CLI022,2026-05,May,311096,253198,57898,75726,272748,56.9,694,0
CLI022,2026-06,Jun,313258,227161,86096,79529,267670,55.9,691,0
CLI022,2026-07,Jul,310208,246533,63675,82342,279067,58.3,687,0
CLI022,2026-08,Ago,306879,242738,64141,85175,272082,56.8,687,0
CLI023,2026-01,Ene,10966,9380,1586,7928,5341,28.8,648,0
CLI023,2026-02,Feb,10432,8964,1468,8317,5216,28.1,654,0
CLI023,2026-03,Mar,10943,9684,1259,8651,5077,27.4,655,0
CLI023,2026-04,Abr,10697,8726,1971,9173,5133,27.7,659,0
CLI023,2026-05,May,10725,9203,1521,9576,5153,27.8,663,0
CLI023,2026-06,Jun,10456,9681,775,9781,5201,28.0,666,0
CLI023,2026-07,Jul,10896,8204,2692,10495,5157,27.8,670,0
CLI023,2026-08,Ago,10708,8993,1715,10949,4988,26.9,671,0
CLI024,2026-01,Ene,773786,710433,63353,193360,0,0.0,746,0
CLI024,2026-02,Feb,812775,687337,125438,204937,0,0.0,751,0
CLI024,2026-03,Mar,770173,766544,3629,205272,0,0.0,753,0
CLI024,2026-04,Abr,790080,695506,94574,214000,0,0.0,758,0
CLI024,2026-05,May,778669,714975,63694,219878,0,0.0,764,0
CLI024,2026-06,Jun,799681,699147,100534,229156,0,0.0,766,0
CLI024,2026-07,Jul,809612,708564,101049,238482,0,0.0,769,0
CLI024,2026-08,Ago,792346,714945,77401,245625,0,0.0,773,0
CLI025,2026-01,Ene,1986071,1212122,773949,26042,0,0.0,707,0
CLI025,2026-02,Feb,1944778,1209069,735709,28737,0,0.0,710,0
CLI025,2026-03,Mar,1884794,1207630,677164,31217,0,0.0,712,0
CLI025,2026-04,Abr,1959442,1215146,744295,33943,0,0.0,716,0
CLI025,2026-05,May,1948261,1367111,581150,36072,0,0.0,715,0
CLI025,2026-06,Jun,1947607,1196602,751006,38822,0,0.0,700,1
CLI025,2026-07,Jul,1947756,1201943,745813,41554,0,0.0,698,0
CLI025,2026-08,Ago,1931898,1295257,636641,43886,0,0.0,698,0
CLI026,2026-01,Ene,36220,31619,4601,18360,11343,18.4,675,0
CLI026,2026-02,Feb,36893,31895,4997,19478,11260,18.3,679,0
CLI026,2026-03,Mar,37310,30933,6377,20904,11734,19.1,682,0
CLI026,2026-04,Abr,36813,29027,7786,22646,11335,18.4,682,0
CLI026,2026-05,May,37468,28787,8681,24588,11474,18.6,685,0
CLI026,2026-06,Jun,37458,31754,5704,25864,11768,19.1,686,0
CLI026,2026-07,Jul,37387,29965,7422,27524,11166,18.1,692,0
CLI026,2026-08,Ago,36645,29268,7377,29174,11198,18.2,693,0
CLI027,2026-01,Ene,19369,10696,8674,10570,0,0.0,707,0
CLI027,2026-02,Feb,18694,11608,7086,11649,0,0.0,710,0
CLI027,2026-03,Mar,18716,11199,7517,12793,0,0.0,713,0
CLI027,2026-04,Abr,19407,11037,8370,14068,0,0.0,716,0
CLI027,2026-05,May,19005,9864,9142,15459,0,0.0,720,0
CLI027,2026-06,Jun,19268,10960,8308,16724,0,0.0,726,0
CLI027,2026-07,Jul,19118,11492,7626,17885,0,0.0,730,0
CLI027,2026-08,Ago,19174,10795,8379,19161,0,0.0,737,0
CLI028,2026-01,Ene,35089,27727,7362,7927,0,0.0,710,0
CLI028,2026-02,Feb,35813,25923,9889,8342,0,0.0,707,0
CLI028,2026-03,Mar,35494,28255,7238,8645,0,0.0,704,0
CLI028,2026-04,Abr,34525,25857,8667,9008,0,0.0,706,0
CLI028,2026-05,May,34649,28432,6217,9268,0,0.0,692,1
CLI028,2026-06,Jun,35089,26506,8583,9628,0,0.0,689,0
CLI028,2026-07,Jul,35894,26729,9165,10011,0,0.0,689,0
CLI028,2026-08,Ago,34955,26463,8492,10367,0,0.0,686,0
CLI029,2026-01,Ene,88583,67726,20858,14618,327806,65.5,743,0
CLI029,2026-02,Feb,84138,74336,9801,15325,335509,67.1,741,0
CLI029,2026-03,Mar,86734,68861,17873,16615,343753,68.7,741,0
CLI029,2026-04,Abr,83786,74373,9413,17294,330817,66.1,743,0
CLI029,2026-05,May,87579,73457,14122,18314,323333,64.6,739,0
CLI029,2026-06,Jun,86086,72968,13118,19260,331873,66.3,741,0
CLI029,2026-07,Jul,84231,75864,8368,19864,337506,67.5,743,0
CLI029,2026-08,Ago,86272,73564,12708,20781,319723,63.9,742,0
CLI030,2026-01,Ene,1246,936,310,570,5237,61.9,698,0
CLI030,2026-02,Feb,1221,948,273,605,5306,62.8,697,0
CLI030,2026-03,Mar,1233,962,271,640,5072,60.0,693,0
CLI030,2026-04,Abr,1230,922,308,680,4956,58.6,691,0
CLI030,2026-05,May,1228,923,305,719,5171,61.2,694,0
CLI030,2026-06,Jun,1230,1025,205,746,4920,58.2,690,0
CLI030,2026-07,Jul,1195,882,314,786,5022,59.4,682,1
CLI030,2026-08,Ago,1221,961,260,820,5258,62.2,683,0
CLI031,2026-01,Ene,28217,25826,2392,20023,0,0.0,720,0
CLI031,2026-02,Feb,28716,26078,2638,20370,0,0.0,707,1
CLI031,2026-03,Mar,28168,24899,3269,20801,0,0.0,707,0
CLI031,2026-04,Abr,28394,28503,-109,20801,0,0.0,710,0
CLI031,2026-05,May,27517,25421,2095,21077,0,0.0,711,0
CLI031,2026-06,Jun,28834,28788,46,21083,0,0.0,714,0
CLI031,2026-07,Jul,27616,25269,2346,21392,0,0.0,714,0
CLI031,2026-08,Ago,28207,26645,1562,21598,0,0.0,712,0
CLI032,2026-01,Ene,15567,13878,1689,3929,6339,29.8,488,0
CLI032,2026-02,Feb,15696,14111,1584,4053,6462,30.4,489,0
CLI032,2026-03,Mar,15864,12857,3007,4287,6639,31.2,491,0
CLI032,2026-04,Abr,15209,12988,2221,4460,6614,31.1,491,0
CLI032,2026-05,May,15921,14255,1666,4590,6807,32.0,496,0
CLI032,2026-06,Jun,15432,13153,2279,4767,6608,31.0,500,0
CLI032,2026-07,Jul,15788,14697,1091,4852,6952,32.7,507,0
CLI032,2026-08,Ago,15618,13699,1919,5002,7239,34.0,509,0
CLI033,2026-01,Ene,5822,4809,1013,2248,0,0.0,759,1
CLI033,2026-02,Feb,5660,4574,1085,2331,0,0.0,755,0
CLI033,2026-03,Mar,5698,4211,1486,2444,0,0.0,751,0
CLI033,2026-04,Abr,5793,4188,1605,2566,0,0.0,755,0
CLI033,2026-05,May,5736,4345,1390,2672,0,0.0,758,0
CLI033,2026-06,Jun,5652,4897,755,2730,0,0.0,757,0
CLI033,2026-07,Jul,5620,4497,1123,2816,0,0.0,756,0
CLI033,2026-08,Ago,5751,4567,1184,2906,0,0.0,756,0
CLI034,2026-01,Ene,425190,280477,144713,220571,0,0.0,778,0
CLI034,2026-02,Feb,418914,277706,141208,246872,0,0.0,782,0
CLI034,2026-03,Mar,413181,272102,141079,273149,0,0.0,788,0
CLI034,2026-04,Abr,411662,258187,153475,301735,0,0.0,793,0
CLI034,2026-05,May,414428,285590,128838,325733,0,0.0,797,0
CLI034,2026-06,Jun,413305,244548,168757,357165,0,0.0,799,0
CLI034,2026-07,Jul,411133,259528,151605,385403,0,0.0,801,0
CLI034,2026-08,Ago,423021,266769,156252,414506,0,0.0,807,0
CLI035,2026-01,Ene,1699573,1237850,461723,504282,157452,31.5,736,0
CLI035,2026-02,Feb,1723635,1300099,423536,553627,161436,32.3,732,0
CLI035,2026-03,Mar,1716304,1307098,409206,601302,158671,31.7,735,0
CLI035,2026-04,Abr,1735516,1179261,556255,666109,147606,29.5,737,0
CLI035,2026-05,May,1706299,1324096,382203,710638,153184,30.6,734,0
CLI035,2026-06,Jun,1646999,1174256,472742,765715,149751,29.9,726,1
CLI035,2026-07,Jul,1699752,1237884,461869,819526,142343,28.5,722,0
CLI035,2026-08,Ago,1689308,1265064,424244,868953,138502,27.7,719,0
CLI036,2026-01,Ene,25607,19862,5745,5146,0,0.0,702,0
CLI036,2026-02,Feb,26686,16944,9741,5801,0,0.0,700,0
CLI036,2026-03,Mar,25805,19252,6553,6242,0,0.0,695,0
CLI036,2026-04,Abr,26786,19311,7475,6744,0,0.0,692,0
CLI036,2026-05,May,25508,20044,5465,7112,0,0.0,676,1
CLI036,2026-06,Jun,26973,16972,10001,7784,0,0.0,673,0
CLI036,2026-07,Jul,26303,17081,9222,8404,0,0.0,653,1
CLI036,2026-08,Ago,26273,18450,7823,8930,0,0.0,645,0
CLI037,2026-01,Ene,167068,124702,42366,26268,180265,70.6,497,0
CLI037,2026-02,Feb,175630,126804,48826,28983,189184,74.1,494,0
CLI037,2026-03,Mar,168781,110436,58345,32229,203852,79.8,496,0
CLI037,2026-04,Abr,169223,119730,49493,34982,202457,79.3,498,0
CLI037,2026-05,May,174235,124502,49733,37748,216623,84.8,500,0
CLI037,2026-06,Jun,166485,128983,37502,39834,238142,93.3,500,0
CLI037,2026-07,Jul,171401,111428,59973,43170,239763,93.9,498,0
CLI037,2026-08,Ago,170753,119023,51730,46047,255307,100.0,499,0
CLI038,2026-01,Ene,18865,15999,2866,2600,2931,26.4,532,0
CLI038,2026-02,Feb,19178,16550,2629,2704,3110,28.1,524,0
CLI038,2026-03,Mar,18139,14964,3175,2830,3167,28.6,522,0
CLI038,2026-04,Abr,18981,16077,2904,2945,3150,28.4,515,0
CLI038,2026-05,May,18239,16371,1868,3019,3152,28.4,495,1
CLI038,2026-06,Jun,18655,14613,4042,3179,3269,29.5,475,1
CLI038,2026-07,Jul,19038,16728,2310,3270,3447,31.1,461,2
CLI038,2026-08,Ago,18676,15780,2896,3385,3502,31.6,449,1
CLI039,2026-01,Ene,48349,38007,10342,16951,0,0.0,762,0
CLI039,2026-02,Feb,47212,34629,12582,18579,0,0.0,759,0
CLI039,2026-03,Mar,46801,39552,7249,19518,0,0.0,756,0
CLI039,2026-04,Abr,47336,38120,9216,20710,0,0.0,744,1
CLI039,2026-05,May,46785,36929,9856,21986,0,0.0,746,0
CLI039,2026-06,Jun,47343,38515,8828,23129,0,0.0,743,0
CLI039,2026-07,Jul,47469,40451,7017,24037,0,0.0,747,0
CLI039,2026-08,Ago,47753,38011,9742,25298,0,0.0,745,0
CLI040,2026-01,Ene,10260,7442,2818,4476,0,0.0,549,0
CLI040,2026-02,Feb,10497,6375,4122,4885,0,0.0,551,0
CLI040,2026-03,Mar,10185,7401,2784,5162,0,0.0,555,0
CLI040,2026-04,Abr,10414,6368,4046,5564,0,0.0,557,0
CLI040,2026-05,May,10569,6395,4175,5979,0,0.0,561,0
CLI040,2026-06,Jun,10426,7509,2917,6269,0,0.0,566,0
CLI040,2026-07,Jul,10490,7183,3308,6598,0,0.0,572,0
CLI040,2026-08,Ago,10324,6906,3418,6938,0,0.0,575,0
CLI041,2026-01,Ene,51514,41828,9687,3630,86661,57.8,754,0
CLI041,2026-02,Feb,52893,45308,7585,3862,87567,58.4,759,0
CLI041,2026-03,Mar,51520,43213,8308,4115,85948,57.3,764,0
CLI041,2026-04,Abr,52558,40380,12178,4487,82711,55.2,767,0
CLI041,2026-05,May,52174,43770,8405,4744,80554,53.7,771,0
CLI041,2026-06,Jun,50642,40302,10340,5059,77065,51.4,776,0
CLI041,2026-07,Jul,50881,40560,10321,5374,76686,51.2,777,0
CLI041,2026-08,Ago,52028,43092,8936,5647,73456,49.0,782,0
CLI042,2026-01,Ene,12972,9854,3118,8874,7443,55.6,669,0
CLI042,2026-02,Feb,13256,9526,3730,9357,7637,57.0,673,0
CLI042,2026-03,Mar,12916,9601,3316,9787,8071,60.2,677,0
CLI042,2026-04,Abr,13627,10349,3279,10211,7736,57.8,678,0
CLI042,2026-05,May,12995,10776,2219,10498,7553,56.4,676,0
CLI042,2026-06,Jun,12983,9757,3225,10916,7724,57.7,674,0
CLI042,2026-07,Jul,13565,10533,3033,11309,7925,59.2,678,0
CLI042,2026-08,Ago,13300,10357,2943,11690,7890,58.9,675,0
CLI043,2026-01,Ene,19940,11541,8398,538,14538,32.2,663,0
CLI043,2026-02,Feb,20029,11541,8488,608,14342,31.8,666,0
CLI043,2026-03,Mar,20120,11966,8154,676,14815,32.8,669,0
CLI043,2026-04,Abr,19774,10352,9423,754,15062,33.4,655,1
CLI043,2026-05,May,19835,10739,9096,830,14460,32.0,656,0
CLI043,2026-06,Jun,19574,11204,8370,899,14651,32.5,660,0
CLI043,2026-07,Jul,19688,11189,8500,970,15491,34.3,661,0
CLI043,2026-08,Ago,19684,11090,8594,1041,15073,33.4,662,0
CLI044,2026-01,Ene,26944,25989,955,6183,2458,8.2,708,0
CLI044,2026-02,Feb,25923,24695,1228,6299,2474,8.2,705,0
CLI044,2026-03,Mar,26155,23192,2963,6580,2463,8.2,703,0
CLI044,2026-04,Abr,26286,24432,1855,6755,2397,8.0,700,0
CLI044,2026-05,May,26946,23128,3818,7117,2370,7.9,699,0
CLI044,2026-06,Jun,27227,22179,5049,7594,2325,7.7,698,0
CLI044,2026-07,Jul,27019,25714,1305,7718,2209,7.3,686,1
CLI044,2026-08,Ago,26494,23893,2601,7964,2255,7.5,689,0
CLI045,2026-01,Ene,32141,23663,8479,13477,0,0.0,710,0
CLI045,2026-02,Feb,32896,25801,7094,14210,0,0.0,694,1
CLI045,2026-03,Mar,32652,24281,8372,15074,0,0.0,696,0
CLI045,2026-04,Abr,31495,24122,7373,15836,0,0.0,696,0
CLI045,2026-05,May,32676,23371,9305,16797,0,0.0,697,0
CLI045,2026-06,Jun,31234,27006,4228,17233,0,0.0,700,0
CLI045,2026-07,Jul,32325,24379,7946,18054,0,0.0,698,0
CLI045,2026-08,Ago,32151,24881,7270,18805,0,0.0,700,0
CLI046,2026-01,Ene,40516,25937,14579,12191,22851,36.8,681,0
CLI046,2026-02,Feb,42137,26178,15958,13948,21966,35.4,679,0
CLI046,2026-03,Mar,41007,27073,13933,15482,23292,37.5,676,0
CLI046,2026-04,Abr,40370,28963,11408,16738,22942,37.0,660,1
CLI046,2026-05,May,41736,26833,14903,18378,24155,38.9,653,0
CLI046,2026-06,Jun,41422,27128,14294,19952,22851,36.8,648,0
CLI046,2026-07,Jul,40975,27585,13390,21426,23878,38.5,628,1
CLI046,2026-08,Ago,41296,27756,13540,22917,24886,40.1,628,0
CLI047,2026-01,Ene,15262,12582,2680,4626,0,0.0,569,0
CLI047,2026-02,Feb,15775,13971,1804,4801,0,0.0,570,0
CLI047,2026-03,Mar,15601,13013,2588,5052,0,0.0,577,0
CLI047,2026-04,Abr,15517,13771,1745,5222,0,0.0,579,0
CLI047,2026-05,May,15215,14744,470,5267,0,0.0,584,0
CLI047,2026-06,Jun,15807,13017,2789,5538,0,0.0,589,0
CLI047,2026-07,Jul,15252,13213,2040,5736,0,0.0,592,0
CLI047,2026-08,Ago,15619,13784,1835,5914,0,0.0,599,0
CLI048,2026-01,Ene,128239,95942,32297,35645,18650,23.2,702,0
CLI048,2026-02,Feb,125145,92708,32437,39490,18638,23.2,702,0
CLI048,2026-03,Mar,128082,88020,40062,44240,19271,24.0,705,0
CLI048,2026-04,Abr,122511,84307,38204,48769,18440,22.9,711,0
CLI048,2026-05,May,125581,85605,39977,53508,17628,21.9,718,0
CLI048,2026-06,Jun,126571,89998,36573,57843,17100,21.3,721,0
CLI048,2026-07,Jul,122032,88641,33391,61802,16608,20.7,725,0
CLI048,2026-08,Ago,125283,88453,36830,66168,15918,19.8,726,0
CLI049,2026-01,Ene,6144,3360,2784,736,0,0.0,534,0
CLI049,2026-02,Feb,6304,3902,2402,816,0,0.0,537,0
CLI049,2026-03,Mar,6086,3934,2152,888,0,0.0,537,0
CLI049,2026-04,Abr,6184,3965,2219,962,0,0.0,542,0
CLI049,2026-05,May,6266,3739,2527,1046,0,0.0,543,0
CLI049,2026-06,Jun,6096,3912,2184,1118,0,0.0,544,0
CLI049,2026-07,Jul,6026,3878,2148,1190,0,0.0,546,0
CLI049,2026-08,Ago,6151,3680,2471,1272,0,0.0,551,0
CLI050,2026-01,Ene,66090,58601,7489,22597,14610,33.3,581,0
CLI050,2026-02,Feb,66865,58297,8568,23847,15026,34.2,583,0
CLI050,2026-03,Mar,64597,51902,12695,25700,15513,35.3,585,0
CLI050,2026-04,Abr,65953,52142,13812,27715,14838,33.8,586,0
CLI050,2026-05,May,65753,51286,14467,29826,14129,32.2,590,0
CLI050,2026-06,Jun,64942,58203,6739,30809,14613,33.3,593,0
CLI050,2026-07,Jul,67020,53739,13281,32747,14252,32.5,597,0
CLI050,2026-08,Ago,66490,54987,11503,34425,14888,33.9,597,0
CLI051,2026-01,Ene,2153279,1497566,655714,370540,0,0.0,559,0
CLI051,2026-02,Feb,2138761,1428577,710183,393956,0,0.0,561,0
CLI051,2026-03,Mar,2210585,1507391,703194,417141,0,0.0,562,0
CLI051,2026-04,Abr,2118860,1270301,848559,445119,0,0.0,568,0
CLI051,2026-05,May,2097008,1437643,659365,466859,0,0.0,571,0
CLI051,2026-06,Jun,2129416,1355003,774413,492392,0,0.0,577,0
CLI051,2026-07,Jul,2195424,1324606,870818,521104,0,0.0,577,0
CLI051,2026-08,Ago,2149028,1386073,762955,546259,0,0.0,582,0
CLI052,2026-01,Ene,21731,20174,1557,3431,0,0.0,621,1
CLI052,2026-02,Feb,22621,19871,2750,3596,0,0.0,625,0
CLI052,2026-03,Mar,21958,19058,2899,3769,0,0.0,624,0
CLI052,2026-04,Abr,22646,22614,32,3771,0,0.0,626,0
CLI052,2026-05,May,21872,20632,1240,3846,0,0.0,625,0
CLI052,2026-06,Jun,22220,21549,671,3886,0,0.0,626,0
CLI052,2026-07,Jul,21789,19480,2309,4024,0,0.0,627,0
CLI052,2026-08,Ago,22317,20901,1416,4109,0,0.0,626,0
CLI053,2026-01,Ene,3444,2451,994,1420,0,0.0,703,0
CLI053,2026-02,Feb,3523,2484,1039,1544,0,0.0,703,0
CLI053,2026-03,Mar,3491,2791,700,1627,0,0.0,690,1
CLI053,2026-04,Abr,3436,2467,969,1742,0,0.0,692,0
CLI053,2026-05,May,3528,2502,1026,1864,0,0.0,695,0
CLI053,2026-06,Jun,3472,2425,1046,1988,0,0.0,693,0
CLI053,2026-07,Jul,3549,2751,798,2082,0,0.0,690,0
CLI053,2026-08,Ago,3533,2576,957,2196,0,0.0,690,0
CLI054,2026-01,Ene,14284,10558,3726,2003,5959,53.0,551,0
CLI054,2026-02,Feb,14551,10491,4060,2143,5728,51.0,548,0
CLI054,2026-03,Mar,14273,10788,3485,2262,6031,53.6,546,0
CLI054,2026-04,Abr,15053,11264,3789,2392,5990,53.3,545,0
CLI054,2026-05,May,14304,11157,3147,2500,6217,55.3,547,0
CLI054,2026-06,Jun,14687,11203,3485,2620,6156,54.8,550,0
CLI054,2026-07,Jul,14956,10672,4284,2767,6141,54.6,548,0
CLI054,2026-08,Ago,14647,10416,4231,2912,6251,55.6,549,0
CLI055,2026-01,Ene,24523,19825,4698,8568,0,0.0,502,0
CLI055,2026-02,Feb,25126,22669,2457,8753,0,0.0,508,0
CLI055,2026-03,Mar,24032,20482,3550,9020,0,0.0,511,0
CLI055,2026-04,Abr,23820,22695,1124,9105,0,0.0,512,0
CLI055,2026-05,May,24721,20443,4277,9426,0,0.0,518,0
CLI055,2026-06,Jun,24005,20573,3432,9684,0,0.0,521,0
CLI055,2026-07,Jul,24483,20425,4058,9990,0,0.0,526,0
CLI055,2026-08,Ago,24490,21691,2799,10200,0,0.0,526,0
CLI056,2026-01,Ene,2625,1913,713,544,5388,59.8,537,0
CLI056,2026-02,Feb,2551,1735,816,587,5735,63.6,539,0
CLI056,2026-03,Mar,2607,1876,731,625,6342,70.3,542,0
CLI056,2026-04,Abr,2546,2026,520,653,6728,74.6,544,0
CLI056,2026-05,May,2608,1921,688,689,6783,75.2,542,0
CLI056,2026-06,Jun,2610,1764,846,734,7154,79.4,546,0
CLI056,2026-07,Jul,2557,1991,566,764,7301,81.0,547,0
CLI056,2026-08,Ago,2609,1869,740,803,7843,87.0,549,0
CLI057,2026-01,Ene,38325,33231,5094,6438,20849,46.7,643,0
CLI057,2026-02,Feb,38033,33489,4544,6650,20488,45.8,646,0
CLI057,2026-03,Mar,38190,34543,3647,6820,19862,44.4,649,0
CLI057,2026-04,Abr,37475,33515,3960,7004,19807,44.3,651,0
CLI057,2026-05,May,37368,31866,5502,7261,19142,42.8,654,0
CLI057,2026-06,Jun,37445,32392,5053,7496,18846,42.2,659,0
CLI057,2026-07,Jul,38357,35665,2692,7621,18262,40.9,665,0
CLI057,2026-08,Ago,38175,32798,5377,7872,18189,40.7,666,0
CLI058,2026-01,Ene,33874,31266,2608,22488,0,0.0,704,0
CLI058,2026-02,Feb,34301,32935,1366,22888,0,0.0,706,0
CLI058,2026-03,Mar,33424,33644,-220,22888,0,0.0,708,0
CLI058,2026-04,Abr,33871,29959,3912,24031,0,0.0,714,0
CLI058,2026-05,May,33952,31613,2339,24714,0,0.0,716,0
CLI058,2026-06,Jun,34543,29040,5504,26322,0,0.0,718,0
CLI058,2026-07,Jul,33745,33038,707,26529,0,0.0,719,0
CLI058,2026-08,Ago,33743,30942,2801,27347,0,0.0,720,0
CLI059,2026-01,Ene,4812,2515,2296,1362,4893,56.1,550,0
CLI059,2026-02,Feb,4698,2938,1760,1517,5090,58.4,552,0
CLI059,2026-03,Mar,4799,2632,2167,1708,5398,61.9,555,0
CLI059,2026-04,Abr,4623,2961,1662,1855,5874,67.4,557,0
CLI059,2026-05,May,4716,2659,2057,2037,6405,73.5,559,0
CLI059,2026-06,Jun,4614,2825,1789,2195,6614,75.9,561,0
CLI059,2026-07,Jul,4661,2884,1776,2352,6566,75.3,561,0
CLI059,2026-08,Ago,4748,2750,1998,2528,7313,83.9,561,0
CLI060,2026-01,Ene,1326,1266,60,1942,0,0.0,687,0
CLI060,2026-02,Feb,1338,1087,251,2021,0,0.0,689,0
CLI060,2026-03,Mar,1306,1162,143,2065,0,0.0,690,0
CLI060,2026-04,Abr,1317,1190,127,2105,0,0.0,691,0
CLI060,2026-05,May,1320,1091,228,2176,0,0.0,695,0
CLI060,2026-06,Jun,1338,1301,37,2188,0,0.0,696,0
CLI060,2026-07,Jul,1339,1239,101,2219,0,0.0,702,0
CLI060,2026-08,Ago,1302,1194,108,2253,0,0.0,708,0
CLI061,2026-01,Ene,35334,17376,17958,4561,16396,53.0,539,0
CLI061,2026-02,Feb,33525,17723,15802,5141,16708,54.0,541,0
CLI061,2026-03,Mar,34033,17908,16126,5732,15876,51.4,542,0
CLI061,2026-04,Abr,34432,19229,15203,6289,15237,49.3,545,0
CLI061,2026-05,May,34099,18066,16033,6877,15528,50.2,552,0
CLI061,2026-06,Jun,33498,18955,14543,7411,15178,49.1,558,0
CLI061,2026-07,Jul,34024,18329,15695,7986,15257,49.4,558,0
CLI061,2026-08,Ago,34332,18882,15450,8553,14839,48.0,561,0
CLI062,2026-01,Ene,13488,9666,3822,8590,19795,59.0,578,0
CLI062,2026-02,Feb,13806,9596,4210,9194,20174,60.1,579,0
CLI062,2026-03,Mar,13759,10891,2868,9605,20375,60.7,575,0
CLI062,2026-04,Abr,13640,11081,2559,9972,20638,61.5,573,0
CLI062,2026-05,May,13749,10205,3544,10481,21647,64.5,570,0
CLI062,2026-06,Jun,14093,10866,3227,10943,21211,63.2,567,0
CLI062,2026-07,Jul,13552,9815,3737,11479,22109,65.9,567,0
CLI062,2026-08,Ago,13685,10312,3373,11963,23187,69.1,569,0
CLI063,2026-01,Ene,6295,3573,2723,2881,0,0.0,647,0
CLI063,2026-02,Feb,5984,3393,2591,3270,0,0.0,650,0
CLI063,2026-03,Mar,5984,3606,2378,3627,0,0.0,651,0
CLI063,2026-04,Abr,6036,3481,2555,4011,0,0.0,655,0
CLI063,2026-05,May,6054,3938,2116,4328,0,0.0,655,0
CLI063,2026-06,Jun,6184,3719,2465,4698,0,0.0,662,0
CLI063,2026-07,Jul,6146,3676,2470,5069,0,0.0,669,0
CLI063,2026-08,Ago,6144,3702,2442,5436,0,0.0,672,0
CLI064,2026-01,Ene,252426,179367,73059,182972,109742,46.2,749,0
CLI064,2026-02,Feb,255464,200589,54875,200282,116422,49.0,749,0
CLI064,2026-03,Mar,248022,183207,64815,220728,111702,47.0,753,0
CLI064,2026-04,Abr,249446,181149,68297,242273,109267,46.0,756,0
CLI064,2026-05,May,247073,208618,38455,254403,107024,45.1,759,0
CLI064,2026-06,Jun,256065,183536,72529,277282,105898,44.6,744,1
CLI064,2026-07,Jul,255868,198784,57083,295289,102639,43.2,743,0
CLI064,2026-08,Ago,254354,194831,59523,314066,97352,41.0,743,0
CLI065,2026-01,Ene,38727,38999,-272,5177,30107,59.1,547,0
CLI065,2026-02,Feb,38205,37497,707,5223,30783,60.5,545,0
CLI065,2026-03,Mar,37636,36969,667,5266,29893,58.7,549,0
CLI065,2026-04,Abr,38975,33649,5326,5608,29956,58.8,553,0
CLI065,2026-05,May,37399,33917,3482,5832,30854,60.6,552,0
CLI065,2026-06,Jun,38876,35172,3705,6070,29662,58.3,554,0
CLI065,2026-07,Jul,38646,38492,154,6080,29269,57.5,555,0
CLI065,2026-08,Ago,38265,35999,2266,6226,28712,56.4,553,0
CLI066,2026-01,Ene,284276,200027,84248,108844,0,0.0,729,0
CLI066,2026-02,Feb,285261,185778,99483,121366,0,0.0,731,0
CLI066,2026-03,Mar,290396,201870,88526,132509,0,0.0,716,1
CLI066,2026-04,Abr,290417,206202,84215,143109,0,0.0,717,0
CLI066,2026-05,May,289223,189288,99936,155688,0,0.0,721,0
CLI066,2026-06,Jun,283185,183971,99213,168176,0,0.0,722,0
CLI066,2026-07,Jul,297240,186862,110378,182070,0,0.0,722,0
CLI066,2026-08,Ago,291720,193728,97992,194404,0,0.0,722,0
CLI067,2026-01,Ene,12755,9156,3599,1425,0,0.0,720,0
CLI067,2026-02,Feb,12788,10770,2017,1523,0,0.0,724,0
CLI067,2026-03,Mar,13335,9958,3377,1687,0,0.0,728,0
CLI067,2026-04,Abr,13124,9852,3272,1845,0,0.0,735,0
CLI067,2026-05,May,13404,9807,3596,2019,0,0.0,737,0
CLI067,2026-06,Jun,12888,9565,3323,2180,0,0.0,740,0
CLI067,2026-07,Jul,13364,10157,3207,2335,0,0.0,746,0
CLI067,2026-08,Ago,13102,9905,3197,2490,0,0.0,752,0
CLI068,2026-01,Ene,99079,60539,38540,26045,35191,61.4,675,0
CLI068,2026-02,Feb,96899,63802,33098,29357,35953,62.7,673,0
CLI068,2026-03,Mar,97740,62628,35112,32871,37890,66.1,672,0
CLI068,2026-04,Abr,98471,58456,40015,36875,36591,63.8,673,0
CLI068,2026-05,May,96993,63503,33490,40227,34529,60.2,673,0
CLI068,2026-06,Jun,98068,60975,37093,43939,33219,58.0,664,1
CLI068,2026-07,Jul,95687,64292,31395,47080,33173,57.9,666,0
CLI068,2026-08,Ago,97086,62925,34161,50499,31928,55.7,664,0
CLI069,2026-01,Ene,256598,212181,44417,58798,115058,23.0,693,0
CLI069,2026-02,Feb,247803,207441,40362,60641,108582,21.7,693,0
CLI069,2026-03,Mar,256558,200462,56096,63203,102182,20.4,692,0
CLI069,2026-04,Abr,245260,198896,46364,65320,104424,20.9,691,0
CLI069,2026-05,May,245419,201437,43981,67328,96932,19.4,695,0
CLI069,2026-06,Jun,253897,200709,53188,69757,95865,19.1,683,1
CLI069,2026-07,Jul,252282,198800,53481,72199,95809,19.1,687,0
CLI069,2026-08,Ago,250226,214476,35750,73832,90631,18.1,684,0
CLI070,2026-01,Ene,56808,34208,22600,27189,16523,38.6,566,0
CLI070,2026-02,Feb,58084,35252,22832,30566,16719,39.1,572,0
CLI070,2026-03,Mar,58604,33748,24856,34242,17385,40.6,575,0
CLI070,2026-04,Abr,58968,34373,24595,37879,16750,39.2,582,0
CLI070,2026-05,May,56891,34377,22514,41209,17657,41.3,583,0
CLI070,2026-06,Jun,58310,35927,22383,44520,18148,42.4,584,0
CLI070,2026-07,Jul,58539,35596,22943,47913,17701,41.4,591,0
CLI070,2026-08,Ago,57265,35080,22185,51194,18436,43.1,597,0
CLI071,2026-01,Ene,6757,4253,2504,1929,1662,45.2,723,0
CLI071,2026-02,Feb,6999,3907,3092,2140,1611,43.8,722,0
CLI071,2026-03,Mar,6827,3675,3152,2355,1696,46.2,707,1
CLI071,2026-04,Abr,6838,4199,2640,2534,1669,45.4,703,0
CLI071,2026-05,May,7051,3861,3190,2752,1686,45.9,703,0
CLI071,2026-06,Jun,6880,3861,3019,2957,1778,48.4,706,0
CLI071,2026-07,Jul,7114,3885,3229,3177,1790,48.7,708,0
CLI071,2026-08,Ago,6956,3919,3037,3384,1863,50.7,710,0
CLI072,2026-01,Ene,154000,122002,31999,46009,116840,87.5,543,0
CLI072,2026-02,Feb,155514,121568,33946,47734,113951,85.4,545,0
CLI072,2026-03,Mar,157973,135615,22358,48870,108569,81.3,542,0
CLI072,2026-04,Abr,158838,120051,38788,50841,102726,77.0,540,0
CLI072,2026-05,May,157384,121651,35732,52656,108307,81.1,544,0
CLI072,2026-06,Jun,153616,119255,34361,54402,111733,83.7,543,0
CLI072,2026-07,Jul,154388,130022,24366,55640,106530,79.8,544,0
CLI072,2026-08,Ago,154439,128007,26432,56983,104111,78.0,541,0
CLI073,2026-01,Ene,41912,25929,15984,10782,47562,68.4,761,0
CLI073,2026-02,Feb,43521,24937,18584,12202,44962,64.6,758,0
CLI073,2026-03,Mar,42162,23720,18442,13612,43386,62.4,760,0
CLI073,2026-04,Abr,44024,25182,18842,15053,44469,63.9,758,0
CLI073,2026-05,May,43648,25068,18579,16473,43873,63.1,758,0
CLI073,2026-06,Jun,43020,23688,19332,17951,41926,60.3,759,0
CLI073,2026-07,Jul,42738,24333,18406,19358,42515,61.1,763,0
CLI073,2026-08,Ago,42855,24719,18136,20744,45220,65.0,760,0
CLI074,2026-01,Ene,415,276,139,249,0,0.0,441,0
CLI074,2026-02,Feb,419,302,118,275,0,0.0,447,0
CLI074,2026-03,Mar,401,280,121,301,0,0.0,452,0
CLI074,2026-04,Abr,415,294,121,328,0,0.0,457,0
CLI074,2026-05,May,414,275,140,358,0,0.0,459,0
CLI074,2026-06,Jun,416,327,88,377,0,0.0,465,0
CLI074,2026-07,Jul,400,283,117,403,0,0.0,467,0
CLI074,2026-08,Ago,411,301,110,427,0,0.0,467,0
CLI075,2026-01,Ene,27637,17669,9969,3373,19349,71.3,522,0
CLI075,2026-02,Feb,27889,15971,11918,3820,18617,68.6,519,0
CLI075,2026-03,Mar,27791,16988,10803,4226,19794,72.9,521,0
CLI075,2026-04,Abr,28543,16892,11651,4663,19499,71.8,518,0
CLI075,2026-05,May,27609,16044,11565,5096,19626,72.3,515,0
CLI075,2026-06,Jun,27873,17844,10029,5472,18954,69.8,514,0
CLI075,2026-07,Jul,27112,15969,11143,5890,17888,65.9,513,0
CLI075,2026-08,Ago,27775,17334,10441,6282,17914,66.0,516,0
CLI076,2026-01,Ene,222803,162661,60142,59138,0,0.0,691,0
CLI076,2026-02,Feb,218010,156684,61326,61861,0,0.0,682,0
CLI076,2026-03,Mar,214951,156470,58481,64458,0,0.0,679,0
CLI076,2026-04,Abr,218831,152490,66341,67404,0,0.0,679,0
CLI076,2026-05,May,223638,152746,70892,70552,0,0.0,675,0
CLI076,2026-06,Jun,223029,170981,52048,72864,0,0.0,657,1
CLI076,2026-07,Jul,214997,165177,49820,75076,0,0.0,650,0
CLI076,2026-08,Ago,218368,163604,54764,77508,0,0.0,638,1
CLI077,2026-01,Ene,17239,9406,7833,7260,3539,29.9,705,0
CLI077,2026-02,Feb,16897,10840,6057,7815,3505,29.6,709,0
CLI077,2026-03,Mar,17371,10640,6731,8432,3409,28.8,696,1
CLI077,2026-04,Abr,17191,9861,7330,9105,3339,28.2,698,0
CLI077,2026-05,May,17272,11167,6105,9665,3388,28.6,700,0
CLI077,2026-06,Jun,17345,10386,6959,10303,3588,30.3,701,0
CLI077,2026-07,Jul,16939,10351,6588,10907,3757,31.8,699,0
CLI077,2026-08,Ago,17154,10295,6859,11536,3632,30.7,695,0
CLI078,2026-01,Ene,22249,17901,4348,1491,14770,37.5,780,0
CLI078,2026-02,Feb,21586,19083,2502,1556,14366,36.5,764,1
CLI078,2026-03,Mar,22505,18179,4326,1669,14539,36.9,761,0
CLI078,2026-04,Abr,21807,16809,4997,1798,14720,37.4,760,0
CLI078,2026-05,May,22216,19405,2811,1872,15107,38.4,764,0
CLI078,2026-06,Jun,21527,18841,2686,1941,14346,36.5,762,0
CLI078,2026-07,Jul,22679,16747,5932,2096,14811,37.6,763,0
CLI078,2026-08,Ago,22063,17976,4087,2202,14246,36.2,766,0
CLI079,2026-01,Ene,430659,272875,157784,472204,23086,11.4,783,0
CLI079,2026-02,Feb,435278,253603,181675,531310,24026,11.9,781,0
CLI079,2026-03,Mar,420109,256530,163579,584529,24273,12.0,779,0
CLI079,2026-04,Abr,417720,280281,137440,629244,22475,11.1,782,0
CLI079,2026-05,May,431573,280378,151194,678434,21854,10.8,779,0
CLI079,2026-06,Jun,433403,275323,158080,729864,21050,10.4,764,1
CLI079,2026-07,Jul,424459,270716,153743,779882,20131,10.0,763,0
CLI079,2026-08,Ago,427485,270617,156868,830918,20006,9.9,766,0
CLI080,2026-01,Ene,8165,6117,2048,3087,4404,56.4,706,0
CLI080,2026-02,Feb,8123,6436,1687,3306,4179,53.6,709,0
CLI080,2026-03,Mar,8298,6719,1579,3512,4264,54.6,710,0
CLI080,2026-04,Abr,8369,6911,1458,3702,4074,52.2,697,1
CLI080,2026-05,May,8430,6340,2090,3974,3986,51.1,698,0
CLI080,2026-06,Jun,8155,7017,1138,4122,3777,48.4,697,0
CLI080,2026-07,Jul,8236,7004,1232,4283,3671,47.0,696,0
CLI080,2026-08,Ago,8210,6527,1683,4502,3745,48.0,699,0
CLI081,2026-01,Ene,19470,17041,2429,6130,0,0.0,737,0
CLI081,2026-02,Feb,19378,18211,1167,6209,0,0.0,743,0
CLI081,2026-03,Mar,20014,17622,2392,6372,0,0.0,750,0
CLI081,2026-04,Abr,19552,16899,2653,6552,0,0.0,753,0
CLI081,2026-05,May,19686,18453,1234,6636,0,0.0,759,0
CLI081,2026-06,Jun,20011,17421,2589,6812,0,0.0,764,0
CLI081,2026-07,Jul,20486,19411,1076,6885,0,0.0,764,0
CLI081,2026-08,Ago,19908,18236,1672,6999,0,0.0,767,0
CLI082,2026-01,Ene,407919,267033,140886,106523,0,0.0,700,0
CLI082,2026-02,Feb,400465,253715,146750,116916,0,0.0,706,0
CLI082,2026-03,Mar,404476,241914,162561,128428,0,0.0,712,0
CLI082,2026-04,Abr,417588,236323,181265,141266,0,0.0,714,0
CLI082,2026-05,May,416434,267282,149152,151829,0,0.0,717,0
CLI082,2026-06,Jun,415615,247639,167976,163725,0,0.0,720,0
CLI082,2026-07,Jul,402688,253394,149294,174298,0,0.0,724,0
CLI082,2026-08,Ago,411628,258058,153570,185174,0,0.0,725,0
CLI083,2026-01,Ene,22634,14794,7839,6915,0,0.0,459,0
CLI083,2026-02,Feb,21970,14690,7280,7582,0,0.0,460,0
CLI083,2026-03,Mar,22968,14957,8011,8316,0,0.0,463,0
CLI083,2026-04,Abr,22859,14489,8370,9083,0,0.0,465,0
CLI083,2026-05,May,21907,14280,7627,9782,0,0.0,470,0
CLI083,2026-06,Jun,22082,14884,7198,10441,0,0.0,474,0
CLI083,2026-07,Jul,22413,13535,8879,11254,0,0.0,474,0
CLI083,2026-08,Ago,22384,14319,8065,11993,0,0.0,481,0
CLI084,2026-01,Ene,33459,21332,12127,3991,0,0.0,496,0
CLI084,2026-02,Feb,34402,20191,14211,4341,0,0.0,498,0
CLI084,2026-03,Mar,34239,21887,12352,4646,0,0.0,501,0
CLI084,2026-04,Abr,34476,19555,14921,5014,0,0.0,505,0
CLI084,2026-05,May,32998,21206,11792,5305,0,0.0,510,0
CLI084,2026-06,Jun,32645,21894,10751,5570,0,0.0,512,0
CLI084,2026-07,Jul,32954,19545,13408,5901,0,0.0,517,0
CLI084,2026-08,Ago,33569,21060,12509,6209,0,0.0,520,0
CLI085,2026-01,Ene,53826,33408,20417,7324,0,0.0,728,0
CLI085,2026-02,Feb,56562,33156,23406,8059,0,0.0,734,0
CLI085,2026-03,Mar,54000,39148,14852,8525,0,0.0,735,0
CLI085,2026-04,Abr,54481,33803,20678,9174,0,0.0,737,0
CLI085,2026-05,May,54452,37079,17373,9720,0,0.0,739,0
CLI085,2026-06,Jun,53683,35353,18330,10296,0,0.0,745,0
CLI085,2026-07,Jul,54001,38003,15998,10798,0,0.0,750,0
CLI085,2026-08,Ago,55337,36036,19301,11404,0,0.0,751,0
CLI086,2026-01,Ene,48422,46682,1740,6120,10701,14.8,751,0
CLI086,2026-02,Feb,47814,47487,327,6126,10718,14.9,752,0
CLI086,2026-03,Mar,49187,41790,7397,6248,10013,13.9,756,0
CLI086,2026-04,Abr,49194,44056,5137,6333,10122,14.0,755,0
CLI086,2026-05,May,47466,44173,3293,6388,9982,13.8,746,1
CLI086,2026-06,Jun,47630,46096,1535,6413,9663,13.4,746,0
CLI086,2026-07,Jul,48626,48625,0,6413,9577,13.3,744,0
CLI086,2026-08,Ago,47953,44889,3064,6464,9090,12.6,740,0
CLI087,2026-01,Ene,99130,63301,35829,61738,0,0.0,716,0
CLI087,2026-02,Feb,95594,66930,28664,67524,0,0.0,712,0
CLI087,2026-03,Mar,100368,61318,39050,75408,0,0.0,710,0
CLI087,2026-04,Abr,98871,70153,28719,81205,0,0.0,707,0
CLI087,2026-05,May,98850,70596,28254,86909,0,0.0,704,0
CLI087,2026-06,Jun,95033,61599,33434,93659,0,0.0,689,1
CLI087,2026-07,Jul,95770,63081,32690,100258,0,0.0,683,0
CLI087,2026-08,Ago,97938,66738,31200,106557,0,0.0,664,1
CLI088,2026-01,Ene,22465,18299,4166,2800,0,0.0,593,0
CLI088,2026-02,Feb,21790,17841,3949,2916,0,0.0,595,0
CLI088,2026-03,Mar,21454,16369,5085,3066,0,0.0,595,0
CLI088,2026-04,Abr,21505,16746,4759,3205,0,0.0,600,0
CLI088,2026-05,May,21782,17764,4018,3323,0,0.0,602,0
CLI088,2026-06,Jun,21424,17946,3478,3425,0,0.0,604,0
CLI088,2026-07,Jul,21502,17627,3875,3539,0,0.0,605,0
CLI088,2026-08,Ago,21942,17207,4735,3678,0,0.0,607,0
CLI089,2026-01,Ene,17522,13313,4209,2983,0,0.0,602,0
CLI089,2026-02,Feb,16987,14230,2757,3176,0,0.0,605,0
CLI089,2026-03,Mar,17536,13925,3612,3429,0,0.0,601,0
CLI089,2026-04,Abr,17142,13408,3734,3690,0,0.0,602,0
CLI089,2026-05,May,17152,13339,3813,3957,0,0.0,601,0
CLI089,2026-06,Jun,17846,12846,4999,4307,0,0.0,598,0
CLI089,2026-07,Jul,17756,13487,4269,4606,0,0.0,588,1
CLI089,2026-08,Ago,17386,13627,3759,4869,0,0.0,586,0
CLI090,2026-01,Ene,27270,21911,5359,6724,21771,42.8,768,0
CLI090,2026-02,Feb,27626,19265,8362,7165,21479,42.2,771,0
CLI090,2026-03,Mar,27336,19725,7611,7566,21345,42.0,775,0
CLI090,2026-04,Abr,28450,19477,8973,8040,21045,41.4,780,0
CLI090,2026-05,May,28544,18399,10145,8575,22309,43.8,784,0
CLI090,2026-06,Jun,27689,20924,6765,8932,21359,42.0,790,0
CLI090,2026-07,Jul,27239,21745,5494,9222,21616,42.5,796,0
CLI090,2026-08,Ago,27806,20106,7700,9628,22488,44.2,798,0
CLI091,2026-01,Ene,60395,50490,9904,26030,0,0.0,634,0
CLI091,2026-02,Feb,62758,45602,17156,27567,0,0.0,635,0
CLI091,2026-03,Mar,62368,52272,10096,28472,0,0.0,641,0
CLI091,2026-04,Abr,60198,48391,11808,29530,0,0.0,646,0
CLI091,2026-05,May,60170,52794,7376,30191,0,0.0,647,0
CLI091,2026-06,Jun,60059,47170,12889,31346,0,0.0,648,0
CLI091,2026-07,Jul,59488,45238,14251,32623,0,0.0,648,0
CLI091,2026-08,Ago,61178,48955,12223,33718,0,0.0,653,0
CLI092,2026-01,Ene,12027,11132,895,986,11961,68.1,746,0
CLI092,2026-02,Feb,12162,10398,1764,1019,12180,69.4,741,0
CLI092,2026-03,Mar,11841,10611,1230,1042,12098,68.9,738,0
CLI092,2026-04,Abr,12318,11700,618,1054,13444,76.6,736,0
CLI092,2026-05,May,12222,10133,2088,1094,14900,84.8,727,0
CLI092,2026-06,Jun,11971,9858,2113,1134,15856,90.3,727,0
CLI092,2026-07,Jul,12412,10226,2185,1175,15764,89.8,709,1
CLI092,2026-08,Ago,12108,10738,1370,1201,16525,94.1,689,1
CLI093,2026-01,Ene,21155,15788,5367,2388,9502,30.2,545,0
CLI093,2026-02,Feb,21685,15234,6452,2560,9032,28.7,549,0
CLI093,2026-03,Mar,20946,15389,5558,2708,8427,26.8,553,0
CLI093,2026-04,Abr,20973,17604,3369,2797,8062,25.6,554,0
CLI093,2026-05,May,21752,16527,5225,2936,7765,24.7,558,0
CLI093,2026-06,Jun,21152,16484,4667,3060,7712,24.5,558,0
CLI093,2026-07,Jul,21446,16974,4472,3179,7800,24.8,558,0
CLI093,2026-08,Ago,21173,16291,4882,3309,7867,25.0,560,0
CLI094,2026-01,Ene,13152,9956,3196,2912,9304,59.5,587,0
CLI094,2026-02,Feb,13016,10144,2872,3164,9754,62.4,587,0
CLI094,2026-03,Mar,13041,9889,3152,3440,10195,65.2,590,0
CLI094,2026-04,Abr,13272,9466,3806,3773,10637,68.0,591,0
CLI094,2026-05,May,13574,10460,3114,4046,11051,70.7,590,0
CLI094,2026-06,Jun,13626,10683,2943,4303,11188,71.5,589,0
CLI094,2026-07,Jul,13110,9794,3316,4594,11597,74.1,587,0
CLI094,2026-08,Ago,13280,10032,3248,4878,11043,70.6,586,0
CLI095,2026-01,Ene,49685,46103,3583,25380,0,0.0,535,0
CLI095,2026-02,Feb,50401,46422,3979,25883,0,0.0,541,0
CLI095,2026-03,Mar,49838,44459,5380,26564,0,0.0,544,0
CLI095,2026-04,Abr,48871,43448,5423,27250,0,0.0,545,0
CLI095,2026-05,May,48807,44099,4708,27846,0,0.0,550,0
CLI095,2026-06,Jun,50597,46283,4314,28391,0,0.0,553,0
CLI095,2026-07,Jul,48116,44230,3886,28883,0,0.0,554,0
CLI095,2026-08,Ago,49226,45440,3786,29362,0,0.0,556,0
CLI096,2026-01,Ene,33012,29192,3820,24612,0,0.0,729,0
CLI096,2026-02,Feb,32312,30577,1735,24949,0,0.0,731,0
CLI096,2026-03,Mar,33487,30055,3432,25616,0,0.0,729,0
CLI096,2026-04,Abr,33761,32446,1315,25871,0,0.0,728,0
CLI096,2026-05,May,33486,30648,2838,26423,0,0.0,728,0
CLI096,2026-06,Jun,32939,29804,3135,27032,0,0.0,716,1
CLI096,2026-07,Jul,33629,29772,3856,27782,0,0.0,719,0
CLI096,2026-08,Ago,32965,30863,2102,28190,0,0.0,716,0
CLI097,2026-01,Ene,31430,20805,10625,9749,18177,20.8,661,0
CLI097,2026-02,Feb,32507,17567,14939,10608,17182,19.6,652,1
CLI097,2026-03,Mar,32399,19453,12946,11352,17376,19.9,654,0
CLI097,2026-04,Abr,31647,18929,12718,12083,17009,19.4,650,0
CLI097,2026-05,May,32302,17950,14352,12908,16766,19.2,648,0
CLI097,2026-06,Jun,32011,19340,12672,13637,16970,19.4,647,0
CLI097,2026-07,Jul,32054,20918,11136,14277,15951,18.2,647,0
CLI097,2026-08,Ago,31755,19209,12546,14998,15052,17.2,650,0
CLI098,2026-01,Ene,18262,11702,6560,8114,13323,59.0,708,0
CLI098,2026-02,Feb,18607,12175,6432,9206,14552,64.4,710,0
CLI098,2026-03,Mar,18399,12192,6207,10260,15265,67.6,707,0
CLI098,2026-04,Abr,18124,11553,6571,11375,15447,68.4,704,0
CLI098,2026-05,May,18056,12057,5998,12394,16582,73.4,695,1
CLI098,2026-06,Jun,18751,13735,5016,13245,16830,74.5,696,0
CLI098,2026-07,Jul,18439,12604,5835,14236,18369,81.3,693,0
CLI098,2026-08,Ago,18392,12647,5745,15211,18455,81.7,694,0
CLI099,2026-01,Ene,195685,154344,41340,8608,95480,32.5,591,0
CLI099,2026-02,Feb,196898,154536,42362,9082,96010,32.7,596,0
CLI099,2026-03,Mar,196169,136018,60151,9756,98847,33.7,599,0
CLI099,2026-04,Abr,190080,138708,51372,10332,95460,32.5,603,0
CLI099,2026-05,May,201147,135995,65152,11062,100279,34.2,609,0
CLI099,2026-06,Jun,197894,156165,41729,11530,104487,35.6,610,0
CLI099,2026-07,Jul,200675,156880,43795,12021,107123,36.5,617,0
CLI099,2026-08,Ago,195393,144155,51238,12595,105027,35.8,618,0
CLI100,2026-01,Ene,34986,23695,11292,2719,44429,55.4,731,0
CLI100,2026-02,Feb,34997,22394,12603,2964,44822,55.9,730,0
CLI100,2026-03,Mar,34929,23167,11762,3193,45030,56.1,730,0
CLI100,2026-04,Abr,35056,22098,12958,3446,43792,54.6,731,0
CLI100,2026-05,May,34422,22791,11631,3672,44969,56.1,733,0
CLI100,2026-06,Jun,34346,23806,10540,3877,44181,55.1,734,0
CLI100,2026-07,Jul,34275,20868,13407,4139,45486,56.7,719,1
CLI100,2026-08,Ago,34242,22823,11419,4361,44680,55.7,718,0
CLI101,2026-01,Ene,22610,20774,1835,5832,0,0.0,660,0
CLI101,2026-02,Feb,23048,23004,45,5834,0,0.0,658,0
CLI101,2026-03,Mar,22820,21329,1492,5908,0,0.0,651,0
CLI101,2026-04,Abr,22539,21730,809,5948,0,0.0,635,2
CLI101,2026-05,May,23451,22671,780,5986,0,0.0,615,1
CLI101,2026-06,Jun,22813,22738,75,5990,0,0.0,612,0
CLI101,2026-07,Jul,22345,20909,1436,6061,0,0.0,609,0
CLI101,2026-08,Ago,22987,21357,1630,6141,0,0.0,601,0
CLI102,2026-01,Ene,29378,17367,12011,9619,0,0.0,507,0
CLI102,2026-02,Feb,29252,18213,11038,10808,0,0.0,511,0
CLI102,2026-03,Mar,29521,18205,11316,12027,0,0.0,517,0
CLI102,2026-04,Abr,28137,17439,10698,13179,0,0.0,518,0
CLI102,2026-05,May,29571,17580,11991,14471,0,0.0,522,0
CLI102,2026-06,Jun,29718,17322,12396,15806,0,0.0,522,0
CLI102,2026-07,Jul,28793,18783,10011,16884,0,0.0,526,0
CLI102,2026-08,Ago,28932,17783,11149,18085,0,0.0,528,0
CLI103,2026-01,Ene,21365,20555,810,5156,0,0.0,701,1
CLI103,2026-02,Feb,21742,18295,3447,5548,0,0.0,701,0
CLI103,2026-03,Mar,21227,18468,2758,5862,0,0.0,698,0
CLI103,2026-04,Abr,20910,19230,1680,6053,0,0.0,696,0
CLI103,2026-05,May,21015,18244,2771,6369,0,0.0,694,0
CLI103,2026-06,Jun,20669,18737,1932,6588,0,0.0,694,0
CLI103,2026-07,Jul,21369,19304,2065,6823,0,0.0,693,0
CLI103,2026-08,Ago,21307,18920,2387,7095,0,0.0,690,0
CLI104,2026-01,Ene,8732,4812,3920,5572,0,0.0,485,0
CLI104,2026-02,Feb,8674,4784,3890,6359,0,0.0,488,0
CLI104,2026-03,Mar,8445,5047,3398,7046,0,0.0,489,0
CLI104,2026-04,Abr,8839,4940,3899,7835,0,0.0,495,0
CLI104,2026-05,May,8843,5154,3688,8581,0,0.0,502,0
CLI104,2026-06,Jun,8937,5291,3645,9318,0,0.0,506,0
CLI104,2026-07,Jul,8603,5534,3069,9938,0,0.0,507,0
CLI104,2026-08,Ago,8696,5089,3607,10668,0,0.0,512,0
CLI105,2026-01,Ene,17552,10444,7108,5239,0,0.0,552,0
CLI105,2026-02,Feb,17557,11294,6263,5776,0,0.0,554,0
CLI105,2026-03,Mar,17425,9674,7751,6441,0,0.0,558,0
CLI105,2026-04,Abr,17913,9779,8134,7138,0,0.0,559,0
CLI105,2026-05,May,18129,11258,6871,7727,0,0.0,564,0
CLI105,2026-06,Jun,18241,10063,8178,8428,0,0.0,566,0
CLI105,2026-07,Jul,18035,9512,8522,9159,0,0.0,572,0
CLI105,2026-08,Ago,17745,10362,7383,9792,0,0.0,578,0
CLI106,2026-01,Ene,5849,3363,2486,3588,0,0.0,525,0
CLI106,2026-02,Feb,5637,3724,1912,3816,0,0.0,528,0
CLI106,2026-03,Mar,5673,3703,1969,4050,0,0.0,531,0
CLI106,2026-04,Abr,5809,3169,2640,4364,0,0.0,535,0
CLI106,2026-05,May,5795,3349,2446,4655,0,0.0,541,0
CLI106,2026-06,Jun,5908,3721,2187,4915,0,0.0,541,0
CLI106,2026-07,Jul,5767,3650,2118,5167,0,0.0,548,0
CLI106,2026-08,Ago,5768,3447,2321,5443,0,0.0,551,0
CLI107,2026-01,Ene,95676,53045,42631,21364,0,0.0,645,0
CLI107,2026-02,Feb,97953,57495,40458,23541,0,0.0,642,0
CLI107,2026-03,Mar,97787,58773,39013,25641,0,0.0,638,0
CLI107,2026-04,Abr,94657,58938,35719,27563,0,0.0,641,0
CLI107,2026-05,May,95499,53857,41642,29805,0,0.0,641,0
CLI107,2026-06,Jun,98172,56628,41544,32041,0,0.0,641,0
CLI107,2026-07,Jul,93158,55988,37170,34041,0,0.0,642,0
CLI107,2026-08,Ago,95367,57709,37658,36068,0,0.0,633,1
CLI108,2026-01,Ene,63648,54218,9430,15761,0,0.0,525,0
CLI108,2026-02,Feb,65495,58289,7206,16418,0,0.0,529,0
CLI108,2026-03,Mar,65448,56801,8647,17206,0,0.0,535,0
CLI108,2026-04,Abr,65166,54280,10885,18198,0,0.0,539,0
CLI108,2026-05,May,65481,62295,3186,18489,0,0.0,545,0
CLI108,2026-06,Jun,64363,60324,4039,18857,0,0.0,545,0
CLI108,2026-07,Jul,64023,56917,7106,19504,0,0.0,552,0
CLI108,2026-08,Ago,65296,59033,6263,20075,0,0.0,552,0
CLI109,2026-01,Ene,13037,11009,2028,3167,0,0.0,589,0
CLI109,2026-02,Feb,13662,9755,3908,3369,0,0.0,576,1
CLI109,2026-03,Mar,13555,9545,4010,3577,0,0.0,575,0
CLI109,2026-04,Abr,13281,10734,2548,3708,0,0.0,561,1
CLI109,2026-05,May,13538,10319,3220,3875,0,0.0,553,0
CLI109,2026-06,Jun,13163,10205,2958,4028,0,0.0,544,0
CLI109,2026-07,Jul,13606,9567,4039,4237,0,0.0,540,0
CLI109,2026-08,Ago,13308,10424,2884,4386,0,0.0,528,1
CLI110,2026-01,Ene,1047,753,293,252,0,0.0,539,0
CLI110,2026-02,Feb,1087,750,337,270,0,0.0,542,0
CLI110,2026-03,Mar,1052,745,307,287,0,0.0,547,0
CLI110,2026-04,Abr,1089,742,347,306,0,0.0,551,0
CLI110,2026-05,May,1058,735,323,324,0,0.0,551,0
CLI110,2026-06,Jun,1088,785,303,341,0,0.0,553,0
CLI110,2026-07,Jul,1088,700,388,362,0,0.0,555,0
CLI110,2026-08,Ago,1063,726,337,381,0,0.0,558,0
CLI111,2026-01,Ene,275809,202246,73563,102760,43046,31.5,669,0
CLI111,2026-02,Feb,274022,217481,56541,109133,40977,30.0,668,0
CLI111,2026-03,Mar,266922,212165,54757,115304,40532,29.7,672,0
CLI111,2026-04,Abr,278907,188237,90670,125524,41294,30.3,674,0
CLI111,2026-05,May,266869,187727,79141,134443,43481,31.9,673,0
CLI111,2026-06,Jun,267982,217958,50024,140081,42308,31.0,670,0
CLI111,2026-07,Jul,273791,197385,76406,148693,40008,29.3,661,1
CLI111,2026-08,Ago,271567,202291,69276,156501,42453,31.1,659,0
CLI112,2026-01,Ene,8353,6430,1923,525,0,0.0,738,0
CLI112,2026-02,Feb,7882,6527,1355,541,0,0.0,744,0
CLI112,2026-03,Mar,8193,5859,2334,569,0,0.0,748,0
CLI112,2026-04,Abr,7888,5836,2051,593,0,0.0,750,0
CLI112,2026-05,May,8032,5846,2186,619,0,0.0,755,0
CLI112,2026-06,Jun,7993,6463,1530,637,0,0.0,762,0
CLI112,2026-07,Jul,8242,6413,1829,659,0,0.0,766,0
CLI112,2026-08,Ago,8122,6040,2082,684,0,0.0,769,0
CLI113,2026-01,Ene,16538,12183,4355,7628,6220,53.3,608,0
CLI113,2026-02,Feb,17044,14105,2939,8061,6602,56.6,593,1
CLI113,2026-03,Mar,16391,14166,2224,8390,6726,57.7,591,0
CLI113,2026-04,Abr,17310,12582,4729,9088,6535,56.0,593,0
CLI113,2026-05,May,17081,13306,3775,9645,6461,55.4,589,0
CLI113,2026-06,Jun,17218,12096,5122,10401,6793,58.3,585,0
CLI113,2026-07,Jul,16885,12902,3983,10989,6989,59.9,583,0
CLI113,2026-08,Ago,16813,13124,3689,11534,6658,57.1,582,0
CLI114,2026-01,Ene,35193,32111,3081,28428,0,0.0,606,0
CLI114,2026-02,Feb,36419,33666,2753,29229,0,0.0,604,0
CLI114,2026-03,Mar,36552,35591,961,29509,0,0.0,600,0
CLI114,2026-04,Abr,35560,32674,2885,30350,0,0.0,588,1
CLI114,2026-05,May,35538,36694,-1157,30350,0,0.0,585,0
CLI114,2026-06,Jun,36524,36545,-21,30350,0,0.0,585,0
CLI114,2026-07,Jul,35200,32288,2912,31198,0,0.0,582,0
CLI114,2026-08,Ago,35922,33944,1978,31774,0,0.0,578,0
CLI115,2026-01,Ene,4675,2891,1784,4641,0,0.0,725,0
CLI115,2026-02,Feb,4796,2645,2151,5289,0,0.0,726,0
CLI115,2026-03,Mar,4706,2639,2067,5913,0,0.0,714,1
CLI115,2026-04,Abr,4628,2594,2035,6526,0,0.0,715,0
CLI115,2026-05,May,4629,2575,2053,7145,0,0.0,713,0
CLI115,2026-06,Jun,4812,2994,1819,7693,0,0.0,715,0
CLI115,2026-07,Jul,4797,2958,1839,8248,0,0.0,717,0
CLI115,2026-08,Ago,4682,2774,1908,8823,0,0.0,721,0
CLI116,2026-01,Ene,29690,20661,9029,14159,0,0.0,724,0
CLI116,2026-02,Feb,29459,21810,7648,15256,0,0.0,710,1
CLI116,2026-03,Mar,30391,22960,7431,16322,0,0.0,712,0
CLI116,2026-04,Abr,28677,22057,6620,17271,0,0.0,714,0
CLI116,2026-05,May,30323,22151,8172,18443,0,0.0,714,0
CLI116,2026-06,Jun,29738,22570,7168,19470,0,0.0,716,0
CLI116,2026-07,Jul,29355,20240,9115,20777,0,0.0,714,0
CLI116,2026-08,Ago,29542,21676,7866,21905,0,0.0,717,0
CLI117,2026-01,Ene,301007,254222,46784,46420,172671,57.2,600,0
CLI117,2026-02,Feb,305356,230995,74360,50975,179085,59.3,588,1
CLI117,2026-03,Mar,295464,243101,52363,54182,177569,58.8,588,0
CLI117,2026-04,Abr,294342,241462,52880,57421,173135,57.3,589,0
CLI117,2026-05,May,295951,226043,69908,61703,170574,56.5,593,0
CLI117,2026-06,Jun,293614,224334,69280,65946,162228,53.7,595,0
CLI117,2026-07,Jul,298028,224883,73145,70426,164797,54.6,593,0
CLI117,2026-08,Ago,299501,235521,63980,74345,164937,54.6,596,0
CLI118,2026-01,Ene,262187,182458,79729,131004,201430,56.3,727,0
CLI118,2026-02,Feb,260168,166047,94122,140511,204660,57.2,728,0
CLI118,2026-03,Mar,257536,185119,72418,147826,210672,58.9,730,0
CLI118,2026-04,Abr,266334,182328,84007,156312,201024,56.2,730,0
CLI118,2026-05,May,260338,162800,97538,166164,189693,53.0,730,0
CLI118,2026-06,Jun,271465,164527,106938,176966,182078,50.9,732,0
CLI118,2026-07,Jul,267146,160478,106667,187741,185486,51.8,721,1
CLI118,2026-08,Ago,264899,171166,93733,197209,192193,53.7,724,0
CLI119,2026-01,Ene,5066,3316,1750,2253,0,0.0,530,0
CLI119,2026-02,Feb,5132,3033,2099,2553,0,0.0,533,0
CLI119,2026-03,Mar,5056,3378,1678,2793,0,0.0,539,0
CLI119,2026-04,Abr,5014,3268,1746,3043,0,0.0,546,0
CLI119,2026-05,May,4957,3479,1478,3254,0,0.0,547,0
CLI119,2026-06,Jun,5138,3471,1667,3492,0,0.0,551,0
CLI119,2026-07,Jul,5142,3124,2018,3781,0,0.0,552,0
CLI119,2026-08,Ago,5029,3301,1728,4028,0,0.0,556,0
CLI120,2026-01,Ene,19081,14280,4802,3566,0,0.0,696,0
CLI120,2026-02,Feb,19461,14793,4668,3854,0,0.0,687,0
CLI120,2026-03,Mar,19258,14894,4364,4123,0,0.0,683,0
CLI120,2026-04,Abr,19672,14363,5309,4450,0,0.0,668,1
CLI120,2026-05,May,19855,13656,6199,4833,0,0.0,662,0
CLI120,2026-06,Jun,19913,13724,6190,5215,0,0.0,658,0
CLI120,2026-07,Jul,19346,14523,4823,5512,0,0.0,642,1
CLI120,2026-08,Ago,19354,13781,5573,5856,0,0.0,633,0
CLI121,2026-01,Ene,1146107,871300,274808,238273,0,0.0,723,0
CLI121,2026-02,Feb,1153759,851692,302067,261658,0,0.0,721,0
CLI121,2026-03,Mar,1183080,930103,252977,281242,0,0.0,719,0
CLI121,2026-04,Abr,1155212,817799,337412,307364,0,0.0,704,1
CLI121,2026-05,May,1154894,857842,297052,330360,0,0.0,704,0
CLI121,2026-06,Jun,1197335,925830,271505,351379,0,0.0,701,0
CLI121,2026-07,Jul,1187704,899216,288488,373713,0,0.0,703,0
CLI121,2026-08,Ago,1178696,870185,308511,397597,0,0.0,706,0
CLI122,2026-01,Ene,25987,22210,3777,2616,0,0.0,716,0
CLI122,2026-02,Feb,25012,20626,4386,2738,0,0.0,714,0
CLI122,2026-03,Mar,26241,21239,5003,2878,0,0.0,712,0
CLI122,2026-04,Abr,25551,22986,2565,2950,0,0.0,708,0
CLI122,2026-05,May,26149,22875,3274,3041,0,0.0,711,0
CLI122,2026-06,Jun,26184,23888,2297,3105,0,0.0,701,1
CLI122,2026-07,Jul,25734,21913,3821,3211,0,0.0,702,0
CLI122,2026-08,Ago,25678,22647,3031,3296,0,0.0,705,0
CLI123,2026-01,Ene,6612,4401,2212,2439,0,0.0,664,0
CLI123,2026-02,Feb,6473,4041,2433,2729,0,0.0,664,0
CLI123,2026-03,Mar,6632,3823,2809,3064,0,0.0,659,0
CLI123,2026-04,Abr,6655,3835,2820,3401,0,0.0,657,0
CLI123,2026-05,May,6434,3816,2618,3713,0,0.0,636,1
CLI123,2026-06,Jun,6704,3708,2996,4071,0,0.0,629,0
CLI123,2026-07,Jul,6608,4122,2485,4367,0,0.0,621,0
CLI123,2026-08,Ago,6567,4070,2497,4665,0,0.0,606,1
CLI124,2026-01,Ene,38580,35165,3415,17728,0,0.0,524,0
CLI124,2026-02,Feb,38479,33666,4813,18518,0,0.0,524,0
CLI124,2026-03,Mar,40260,33500,6760,19628,0,0.0,524,0
CLI124,2026-04,Abr,39334,36674,2660,20064,0,0.0,526,0
CLI124,2026-05,May,39444,33155,6288,21097,0,0.0,527,0
CLI124,2026-06,Jun,38752,37454,1297,21309,0,0.0,529,0
CLI124,2026-07,Jul,39988,36073,3915,21952,0,0.0,534,0
CLI124,2026-08,Ago,39267,34563,4704,22724,0,0.0,538,0
CLI125,2026-01,Ene,22556,18209,4347,1758,9226,19.6,604,0
CLI125,2026-02,Feb,23117,18250,4866,1891,8811,18.7,604,0
CLI125,2026-03,Mar,22218,16603,5615,2045,8345,17.7,605,0
CLI125,2026-04,Abr,22948,18410,4537,2169,7951,16.9,607,0
CLI125,2026-05,May,22416,16428,5988,2333,7620,16.2,610,0
CLI125,2026-06,Jun,23231,18748,4483,2456,7082,15.1,611,0
CLI125,2026-07,Jul,23518,15776,7742,2668,7384,15.7,617,0
CLI125,2026-08,Ago,22849,17304,5545,2820,7099,15.1,624,0
CLI126,2026-01,Ene,6124,5215,909,3640,1292,29.4,617,1
CLI126,2026-02,Feb,6445,5224,1221,3768,1224,27.9,620,0
CLI126,2026-03,Mar,6231,5177,1054,3879,1242,28.3,619,0
CLI126,2026-04,Abr,6346,5943,403,3921,1293,29.5,618,0
CLI126,2026-05,May,6460,5252,1208,4048,1248,28.4,615,0
CLI126,2026-06,Jun,6213,5412,802,4132,1289,29.4,613,0
CLI126,2026-07,Jul,6423,5320,1103,4248,1208,27.5,609,0
CLI126,2026-08,Ago,6281,5585,696,4321,1260,28.7,608,0
CLI127,2026-01,Ene,44571,26746,17825,4399,38375,65.5,676,1
CLI127,2026-02,Feb,43740,26522,17218,4932,37121,63.4,678,0
CLI127,2026-03,Mar,44506,26201,18305,5499,39167,66.9,675,0
CLI127,2026-04,Abr,43663,26314,17349,6036,40558,69.3,673,0
CLI127,2026-05,May,44142,27321,16821,6557,42871,73.2,676,0
CLI127,2026-06,Jun,43816,25590,18226,7122,43218,73.8,674,0
CLI127,2026-07,Jul,43464,26574,16890,7645,41436,70.8,676,0
CLI127,2026-08,Ago,43775,26293,17482,8186,40526,69.2,675,0
CLI128,2026-01,Ene,14032,8740,5292,1424,0,0.0,673,1
CLI128,2026-02,Feb,14163,9282,4881,1603,0,0.0,676,0
CLI128,2026-03,Mar,13796,9204,4593,1772,0,0.0,674,0
CLI128,2026-04,Abr,14007,9950,4058,1920,0,0.0,674,0
CLI128,2026-05,May,14474,9355,5119,2108,0,0.0,677,0
CLI128,2026-06,Jun,14403,8904,5499,2309,0,0.0,673,0
CLI128,2026-07,Jul,14454,8776,5678,2517,0,0.0,673,0
CLI128,2026-08,Ago,14215,9233,4982,2700,0,0.0,670,0
CLI129,2026-01,Ene,43632,28070,15563,5767,0,0.0,553,0
CLI129,2026-02,Feb,44679,28344,16336,6543,0,0.0,557,0
CLI129,2026-03,Mar,43714,27987,15727,7290,0,0.0,559,0
CLI129,2026-04,Abr,43801,27850,15951,8047,0,0.0,562,0
CLI129,2026-05,May,44521,28973,15547,8786,0,0.0,563,0
CLI129,2026-06,Jun,43013,28797,14216,9461,0,0.0,563,0
CLI129,2026-07,Jul,42439,27244,15196,10183,0,0.0,564,0
CLI129,2026-08,Ago,43454,27537,15917,10939,0,0.0,569,0
CLI130,2026-01,Ene,27258,22001,5257,18041,6366,37.2,691,0
CLI130,2026-02,Feb,26654,19943,6711,19656,6455,37.7,693,0
CLI130,2026-03,Mar,26528,20607,5921,21081,6161,36.0,695,0
CLI130,2026-04,Abr,27319,19488,7831,22966,6402,37.4,695,0
CLI130,2026-05,May,27319,19400,7919,24871,6083,35.5,692,0
CLI130,2026-06,Jun,26680,21976,4704,26004,6124,35.8,684,1
CLI130,2026-07,Jul,27579,21401,6178,27490,6451,37.7,683,0
CLI130,2026-08,Ago,27233,21280,5953,28923,6472,37.8,681,0
CLI131,2026-01,Ene,26006,20792,5214,5748,61846,72.9,542,0
CLI131,2026-02,Feb,26481,23399,3082,5954,65623,77.3,540,0
CLI131,2026-03,Mar,26006,22504,3502,6189,64938,76.5,538,0
CLI131,2026-04,Abr,25554,22237,3317,6411,67701,79.7,535,0
CLI131,2026-05,May,26338,20220,6118,6821,71587,84.3,538,0
CLI131,2026-06,Jun,27041,23327,3714,7070,73524,86.6,538,0
CLI131,2026-07,Jul,26760,22358,4402,7365,76123,89.7,539,0
CLI131,2026-08,Ago,26309,22094,4215,7647,81839,96.4,538,0
CLI132,2026-01,Ene,9186,6021,3164,940,0,0.0,500,0
CLI132,2026-02,Feb,9202,5629,3573,1029,0,0.0,507,0
CLI132,2026-03,Mar,8996,5651,3345,1112,0,0.0,512,0
CLI132,2026-04,Abr,9390,5618,3772,1206,0,0.0,517,0
CLI132,2026-05,May,9216,5889,3327,1289,0,0.0,518,0
CLI132,2026-06,Jun,9081,5443,3637,1379,0,0.0,519,0
CLI132,2026-07,Jul,9329,6183,3145,1457,0,0.0,526,0
CLI132,2026-08,Ago,9196,5756,3440,1543,0,0.0,527,0
CLI133,2026-01,Ene,7939,7304,635,3024,6858,36.2,621,0
CLI133,2026-02,Feb,8148,7460,688,3091,6855,36.2,627,0
CLI133,2026-03,Mar,8029,7486,543,3144,6730,35.6,628,0
CLI133,2026-04,Abr,8285,6838,1447,3286,7108,37.5,632,0
CLI133,2026-05,May,8242,7068,1174,3401,7027,37.1,634,0
CLI133,2026-06,Jun,7944,7296,647,3464,7055,37.3,637,0
CLI133,2026-07,Jul,8372,7543,829,3545,7288,38.5,642,0
CLI133,2026-08,Ago,8155,7460,695,3613,7288,38.5,647,0
CLI134,2026-01,Ene,338390,335627,2764,45508,130286,31.9,816,0
CLI134,2026-02,Feb,344038,301672,42365,46184,123457,30.2,802,1
CLI134,2026-03,Mar,336517,290443,46074,46918,116085,28.4,801,0
CLI134,2026-04,Abr,354459,330452,24006,47301,110185,27.0,804,0
CLI134,2026-05,May,354236,300747,53489,48154,114246,28.0,801,0
CLI134,2026-06,Jun,353492,328204,25288,48557,107577,26.4,800,0
CLI134,2026-07,Jul,340334,320884,19450,48867,109507,26.8,801,0
CLI134,2026-08,Ago,344339,315510,28829,49327,102863,25.2,801,0
CLI135,2026-01,Ene,542587,407756,134831,124795,0,0.0,769,0
CLI135,2026-02,Feb,560778,418573,142205,135366,0,0.0,767,0
CLI135,2026-03,Mar,554144,424857,129287,144978,0,0.0,770,0
CLI135,2026-04,Abr,545259,416100,129159,154579,0,0.0,774,0
CLI135,2026-05,May,539574,376836,162738,166677,0,0.0,770,0
CLI135,2026-06,Jun,548204,416756,131448,176449,0,0.0,760,1
CLI135,2026-07,Jul,549390,401187,148203,187467,0,0.0,756,0
CLI135,2026-08,Ago,545545,394295,151250,198711,0,0.0,760,0
CLI136,2026-01,Ene,26976,24920,2056,3030,6731,38.6,548,0
CLI136,2026-02,Feb,26799,24535,2264,3154,6557,37.6,555,0
CLI136,2026-03,Mar,26841,23777,3064,3321,6814,39.1,560,0
CLI136,2026-04,Abr,27574,25511,2063,3433,6582,37.8,561,0
CLI136,2026-05,May,26300,24147,2153,3551,6867,39.4,568,0
CLI136,2026-06,Jun,26098,23034,3064,3718,7212,41.4,570,0
CLI136,2026-07,Jul,26441,26490,-50,3718,6889,39.5,574,0
CLI136,2026-08,Ago,26877,24331,2546,3857,6567,37.7,577,0
CLI137,2026-01,Ene,4516,4311,206,2152,0,0.0,547,0
CLI137,2026-02,Feb,4500,4128,372,2191,0,0.0,550,0
CLI137,2026-03,Mar,4549,4097,452,2239,0,0.0,553,0
CLI137,2026-04,Abr,4770,4462,307,2272,0,0.0,559,0
CLI137,2026-05,May,4760,4120,639,2340,0,0.0,560,0
CLI137,2026-06,Jun,4571,4460,111,2352,0,0.0,562,0
CLI137,2026-07,Jul,4755,4180,575,2413,0,0.0,565,0
CLI137,2026-08,Ago,4631,4179,452,2461,0,0.0,569,0
CLI138,2026-01,Ene,17416,13305,4111,3522,5573,41.2,767,0
CLI138,2026-02,Feb,16980,12942,4038,3764,5386,39.8,765,0
CLI138,2026-03,Mar,17305,13318,3987,4003,5509,40.7,754,1
CLI138,2026-04,Abr,17337,11993,5344,4323,5493,40.6,757,0
CLI138,2026-05,May,17640,12478,5162,4632,5645,41.7,755,0
CLI138,2026-06,Jun,17313,13428,3885,4865,5541,41.0,753,0
CLI138,2026-07,Jul,17694,13532,4162,5115,5695,42.1,753,0
CLI138,2026-08,Ago,17494,13132,4362,5376,5791,42.8,753,0
CLI139,2026-01,Ene,73294,43740,29554,11481,0,0.0,591,0
CLI139,2026-02,Feb,73229,46097,27133,12347,0,0.0,590,0
CLI139,2026-03,Mar,73562,49768,23795,13106,0,0.0,585,0
CLI139,2026-04,Abr,71131,47227,23904,13868,0,0.0,572,1
CLI139,2026-05,May,73391,48670,24721,14657,0,0.0,564,0
CLI139,2026-06,Jun,70974,47894,23080,15393,0,0.0,556,0
CLI139,2026-07,Jul,72515,47803,24711,16182,0,0.0,541,1
CLI139,2026-08,Ago,71568,46414,25154,16984,0,0.0,523,1
CLI140,2026-01,Ene,16577,11428,5149,9503,0,0.0,720,0
CLI140,2026-02,Feb,16572,10448,6124,10767,0,0.0,724,0
CLI140,2026-03,Mar,16229,9672,6557,12120,0,0.0,729,0
CLI140,2026-04,Abr,16299,10992,5308,13215,0,0.0,735,0
CLI140,2026-05,May,16104,9730,6375,14531,0,0.0,741,0
CLI140,2026-06,Jun,16525,11328,5197,15603,0,0.0,748,0
CLI140,2026-07,Jul,16755,10303,6453,16935,0,0.0,749,0
CLI140,2026-08,Ago,16480,10537,5943,18161,0,0.0,753,0
CLI141,2026-01,Ene,1684,1224,460,720,2523,38.0,618,0
CLI141,2026-02,Feb,1757,1209,547,805,2389,35.9,623,0
CLI141,2026-03,Mar,1715,1087,628,901,2230,33.6,628,0
CLI141,2026-04,Abr,1727,1143,584,991,2113,31.8,633,0
CLI141,2026-05,May,1752,1064,688,1097,2085,31.4,635,0
CLI141,2026-06,Jun,1769,1183,586,1188,2024,30.4,638,0
CLI141,2026-07,Jul,1703,1169,534,1270,1994,30.0,640,0
CLI141,2026-08,Ago,1719,1142,577,1359,1981,29.8,647,0
CLI142,2026-01,Ene,30838,18476,12362,4276,0,0.0,570,0
CLI142,2026-02,Feb,31465,18395,13070,4758,0,0.0,571,0
CLI142,2026-03,Mar,30840,18013,12828,5231,0,0.0,575,0
CLI142,2026-04,Abr,30321,18278,12043,5675,0,0.0,580,0
CLI142,2026-05,May,29914,20852,9061,6010,0,0.0,585,0
CLI142,2026-06,Jun,31235,20673,10562,6399,0,0.0,591,0
CLI142,2026-07,Jul,30570,20229,10341,6781,0,0.0,593,0
CLI142,2026-08,Ago,30561,19219,11342,7199,0,0.0,594,0
CLI143,2026-01,Ene,202277,120636,81641,8512,145327,43.8,546,0
CLI143,2026-02,Feb,209259,130204,79055,9610,147563,44.5,549,0
CLI143,2026-03,Mar,205912,121485,84427,10782,146776,44.3,549,0
CLI143,2026-04,Abr,208562,131386,77176,11854,146480,44.2,556,0
CLI143,2026-05,May,202532,115509,87024,13063,146652,44.2,559,0
CLI143,2026-06,Jun,207743,124306,83437,14222,140191,42.3,561,0
CLI143,2026-07,Jul,209470,123438,86032,15417,132800,40.0,565,0
CLI143,2026-08,Ago,203695,126904,76791,16484,134333,40.5,572,0
CLI144,2026-01,Ene,2532,1644,888,1226,2643,56.6,563,0
CLI144,2026-02,Feb,2557,1827,730,1308,2639,56.5,567,0
CLI144,2026-03,Mar,2528,1781,748,1392,2778,59.5,568,0
CLI144,2026-04,Abr,2574,1672,902,1493,2878,61.6,571,0
CLI144,2026-05,May,2644,1650,994,1604,3033,64.9,573,0
CLI144,2026-06,Jun,2613,1639,974,1713,2925,62.6,576,0
CLI144,2026-07,Jul,2507,1613,895,1814,3025,64.8,576,0
CLI144,2026-08,Ago,2573,1685,888,1913,2971,63.6,574,0
CLI145,2026-01,Ene,16748,12000,4747,15527,0,0.0,618,0
CLI145,2026-02,Feb,16597,11039,5559,16736,0,0.0,619,0
CLI145,2026-03,Mar,16474,12513,3961,17598,0,0.0,625,0
CLI145,2026-04,Abr,16953,12447,4506,18578,0,0.0,625,0
CLI145,2026-05,May,17039,12061,4979,19661,0,0.0,630,0
CLI145,2026-06,Jun,16325,11189,5136,20779,0,0.0,635,0
CLI145,2026-07,Jul,16206,12460,3745,21593,0,0.0,637,0
CLI145,2026-08,Ago,16565,12071,4494,22571,0,0.0,638,0
CLI146,2026-01,Ene,242,246,-4,804,0,0.0,655,0
CLI146,2026-02,Feb,248,240,7,811,0,0.0,659,0
CLI146,2026-03,Mar,243,244,-2,811,0,0.0,647,1
CLI146,2026-04,Abr,253,239,14,826,0,0.0,646,0
CLI146,2026-05,May,247,240,7,833,0,0.0,650,0
CLI146,2026-06,Jun,254,215,39,871,0,0.0,650,0
CLI146,2026-07,Jul,254,222,31,902,0,0.0,652,0
CLI146,2026-08,Ago,248,230,18,920,0,0.0,655,0
CLI147,2026-01,Ene,14147,9861,4286,2325,0,0.0,622,0
CLI147,2026-02,Feb,14718,11172,3546,2538,0,0.0,623,0
CLI147,2026-03,Mar,14911,9938,4973,2837,0,0.0,627,0
CLI147,2026-04,Abr,14891,10889,4003,3077,0,0.0,630,0
CLI147,2026-05,May,14971,11109,3862,3309,0,0.0,634,0
CLI147,2026-06,Jun,14891,10892,3998,3549,0,0.0,631,0
CLI147,2026-07,Jul,14268,10737,3531,3761,0,0.0,620,1
CLI147,2026-08,Ago,14560,10603,3957,3999,0,0.0,620,0
CLI148,2026-01,Ene,3787,3456,331,1206,2077,38.7,586,0
CLI148,2026-02,Feb,3797,2935,863,1239,2107,39.3,591,0
CLI148,2026-03,Mar,3700,3113,587,1262,2204,41.1,592,0
CLI148,2026-04,Abr,3859,2997,863,1296,2113,39.4,598,0
CLI148,2026-05,May,3785,3075,709,1324,2029,37.8,604,0
CLI148,2026-06,Jun,3859,2917,942,1360,2029,37.8,608,0
CLI148,2026-07,Jul,3692,3003,689,1387,2133,39.7,614,0
CLI148,2026-08,Ago,3785,3199,586,1410,2040,38.0,620,0
CLI149,2026-01,Ene,17884,15468,2416,2867,14647,60.4,743,0
CLI149,2026-02,Feb,18194,16705,1488,2945,15021,62.0,740,0
CLI149,2026-03,Mar,18558,17083,1475,3022,15018,62.0,740,0
CLI149,2026-04,Abr,18409,15165,3244,3192,15119,62.4,739,0
CLI149,2026-05,May,18862,15820,3043,3351,15416,63.6,740,0
CLI149,2026-06,Jun,18362,16604,1758,3443,15024,62.0,738,0
CLI149,2026-07,Jul,18283,16666,1616,3527,14742,60.8,740,0
CLI149,2026-08,Ago,18323,16523,1800,3621,14324,59.1,737,0
CLI150,2026-01,Ene,16938,14108,2829,4523,0,0.0,681,0
CLI150,2026-02,Feb,16961,14823,2138,4769,0,0.0,685,0
CLI150,2026-03,Mar,16920,14750,2170,5019,0,0.0,691,0
CLI150,2026-04,Abr,17152,13718,3434,5414,0,0.0,692,0
CLI150,2026-05,May,17239,15726,1513,5589,0,0.0,698,0
CLI150,2026-06,Jun,17176,14631,2545,5882,0,0.0,701,0
CLI150,2026-07,Jul,17137,15744,1393,6042,0,0.0,708,0
CLI150,2026-08,Ago,17364,14901,2463,6326,0,0.0,709,0
